tau,banco,H,S,num_instancias_categoria,num_optimos,acc_final_pct_prom,acc_aumento_pp_prom,inacc_reduccion_pct_prom,tiempo_ejecucion_ms_prom,nodos_explorados_prom,nodos_explorados_optimos_prom
20.000000,CV,5,3,40,40,90.000000,82.500000,86.845238,1.357500,1096.650000,1096.650000
20.000000,CV,5,4,40,40,86.458333,81.458333,86.250000,21.640000,9437.275000,9437.275000
20.000000,CV,5,5,40,40,83.666667,81.000000,83.571429,134.515000,33589.575000,33589.575000
20.000000,CV,5,6,40,40,64.722222,61.805556,63.873862,2777.227500,390684.800000,390684.800000
20.000000,CV,5,7,40,40,61.309524,58.571429,59.954130,6395.767500,501726.225000,501726.225000
20.000000,CV,5,8,40,40,52.604167,51.770833,52.217556,14670.117500,980921.150000,980921.150000
20.000000,CV,6,4,40,40,39.218750,36.718750,37.569139,28.522500,13588.100000,13588.100000
20.000000,CV,6,5,40,40,32.000000,30.500000,30.994195,95.637500,25527.625000,25527.625000
20.000000,CV,6,6,40,40,32.395833,30.729167,31.262705,602.687500,87967.950000,87967.950000
20.000000,CV,6,7,40,39,25.357143,23.839286,24.189815,22012.552500,4109021.225000,1018082.897436
20.000000,CV,7,4,40,40,23.375000,21.875000,22.301385,11.700000,5977.075000,5977.075000
20.000000,CV,7,5,40,40,19.200000,18.100000,18.305978,77.727500,25054.725000,25054.725000
20.000000,CV,7,6,40,40,15.250000,14.250000,14.364406,702.737500,164402.850000,164402.850000
20.000000,CV,7,7,40,38,14.000000,13.071429,13.181536,64451.682500,11976600.575000,6598520.184211
20.000000,CV,7,8,40,40,12.000000,11.500000,11.556090,22140.777500,1799558.500000,1799558.500000
20.000000,CV,7,9,40,36,10.777778,10.111111,10.174536,86524.127500,4088965.000000,1401946.888889
20.000000,CV,7,10,40,37,10.250000,10.000000,10.027764,63616.472500,2453746.250000,795328.702703
20.000000,CV,8,6,40,40,10.555556,10.000000,10.055556,558.432500,153464.875000,153464.875000
20.000000,CV,8,10,40,40,6.375000,6.041667,6.066384,162.892500,5646.075000,5646.075000
20.000000,CV,12,6,40,40,2.875000,2.750000,2.752119,94.865000,14355.800000,14355.800000
20.000000,CV,12,10,40,40,1.525000,1.275000,1.277304,893.737500,32973.375000,32973.375000
20.000000,CV,TOTAL,TOTAL,840,830,33.043618,31.327027,32.228149,13617.865595,1279728.841667,650825.487952
20.000000,BF,5,16,160,128,15.188802,13.346354,13.607128,161254.671250,2249550.750000,872962.437500
20.000000,BF,5,20,160,108,12.398438,10.919271,11.087575,220396.523125,1801773.781250,391150.490741
20.000000,BF,8,16,160,139,4.904252,4.097450,4.132403,90541.270000,849586.943750,148059.791367
20.000000,BF,8,20,160,124,4.300130,3.606771,3.633697,150263.198750,725832.693750,98794.185484
20.000000,BF,TOTAL,TOTAL,640,499,9.197906,7.992461,8.115201,155613.915781,1406686.042188,374377.224449
20.000000,BZ,4,3,120,0,NaN,NaN,NaN,NaN,NaN,NaN
20.000000,BZ,4,5,120,0,NaN,NaN,NaN,NaN,NaN,NaN
20.000000,BZ,4,7,120,0,NaN,NaN,NaN,NaN,NaN,NaN
20.000000,BZ,4,9,120,0,NaN,NaN,NaN,NaN,NaN,NaN
20.000000,BZ,6,3,120,0,NaN,NaN,NaN,NaN,NaN,NaN
20.000000,BZ,6,5,120,0,NaN,NaN,NaN,NaN,NaN,NaN
20.000000,BZ,6,7,120,0,NaN,NaN,NaN,NaN,NaN,NaN
20.000000,BZ,6,9,120,0,NaN,NaN,NaN,NaN,NaN,NaN
20.000000,BZ,TOTAL,TOTAL,960,0,NaN,NaN,NaN,NaN,NaN,NaN
20.000000,EMM,4,4,150,0,NaN,NaN,NaN,NaN,NaN,NaN
20.000000,EMM,4,7,150,0,NaN,NaN,NaN,NaN,NaN,NaN
20.000000,EMM,4,10,150,0,NaN,NaN,NaN,NaN,NaN,NaN
20.000000,EMM,TOTAL,TOTAL,450,0,NaN,NaN,NaN,NaN,NaN,NaN
20.000000,ZJY,4,6,20,0,NaN,NaN,NaN,NaN,NaN,NaN
20.000000,ZJY,4,7,20,0,NaN,NaN,NaN,NaN,NaN,NaN
20.000000,ZJY,4,8,20,0,NaN,NaN,NaN,NaN,NaN,NaN
20.000000,ZJY,4,9,20,0,NaN,NaN,NaN,NaN,NaN,NaN
20.000000,ZJY,5,6,20,0,NaN,NaN,NaN,NaN,NaN,NaN
20.000000,ZJY,TOTAL,TOTAL,100,0,NaN,NaN,NaN,NaN,NaN,NaN
