instance,algorithm,s,h,c,p,tau,initial_acc,initial_acc_pct,acc,acc_pct,moves,crane_time,elapsed_ms,nodes,proved_optimal,stop_reason
CV_h5s3n1.txt,LCT2-CPSAT,3,5,9,9,600.0,1,11.1,2,22.2,5,547.86,15538.1,,true,solver_status:optimal
CV_h5s3n10.txt,LCT2-CPSAT,3,5,9,9,600.0,0,0.0,4,44.4,5,517.48,14982.9,,true,solver_status:optimal
CV_h5s3n11.txt,LCT2-CPSAT,3,5,9,9,600.0,2,22.2,7,77.8,5,557.36,15066.9,,true,solver_status:optimal
CV_h5s3n12.txt,LCT2-CPSAT,3,5,9,9,600.0,0,0.0,5,55.6,5,599.66,14122.7,,true,solver_status:optimal
CV_h5s3n13.txt,LCT2-CPSAT,3,5,9,9,600.0,0,0.0,3,33.3,4,473.87,13584.4,,true,solver_status:optimal
CV_h5s3n14.txt,LCT2-CPSAT,3,5,9,9,600.0,0,0.0,1,11.1,5,580.27,14198.6,,true,solver_status:optimal
CV_h5s3n15.txt,LCT2-CPSAT,3,5,9,9,600.0,0,0.0,2,22.2,5,577.75,14372.1,,true,solver_status:optimal
CV_h5s3n16.txt,LCT2-CPSAT,3,5,9,9,600.0,0,0.0,2,22.2,5,599.66,10850.2,,true,solver_status:optimal
CV_h5s3n17.txt,LCT2-CPSAT,3,5,9,9,600.0,2,22.2,3,33.3,5,573.70,10735.3,,true,solver_status:optimal
CV_h5s3n18.txt,LCT2-CPSAT,3,5,9,9,600.0,0,0.0,7,77.8,5,534.07,10832.7,,true,solver_status:optimal
CV_h5s3n19.txt,LCT2-CPSAT,3,5,9,9,600.0,0,0.0,1,11.1,5,558.42,11527.7,,true,solver_status:optimal
CV_h5s3n2.txt,LCT2-CPSAT,3,5,9,9,600.0,0,0.0,4,44.4,5,562.36,10838.5,,true,solver_status:optimal
CV_h5s3n20.txt,LCT2-CPSAT,3,5,9,9,600.0,0,0.0,3,33.3,5,517.48,11558.1,,true,solver_status:optimal
CV_h5s3n21.txt,LCT2-CPSAT,3,5,9,9,600.0,1,11.1,2,22.2,5,555.82,10738.8,,true,solver_status:optimal
CV_h5s3n22.txt,LCT2-CPSAT,3,5,9,9,600.0,2,22.2,4,44.4,5,571.16,10484.4,,true,solver_status:optimal
CV_h5s3n23.txt,LCT2-CPSAT,3,5,9,9,600.0,0,0.0,1,11.1,5,549.28,10916.9,,true,solver_status:optimal
CV_h5s3n24.txt,LCT2-CPSAT,3,5,9,9,600.0,1,11.1,3,33.3,5,582.75,10193.3,,true,solver_status:optimal
CV_h5s3n25.txt,LCT2-CPSAT,3,5,9,9,600.0,0,0.0,2,22.2,5,558.57,10270.3,,true,solver_status:optimal
CV_h5s3n26.txt,LCT2-CPSAT,3,5,9,9,600.0,0,0.0,9,100.0,5,596.84,10251.8,,true,solver_status:optimal
CV_h5s3n27.txt,LCT2-CPSAT,3,5,9,9,600.0,0,0.0,2,22.2,5,551.72,10425.4,,true,solver_status:optimal
CV_h5s3n28.txt,LCT2-CPSAT,3,5,9,9,600.0,0,0.0,4,44.4,5,599.66,10190.1,,true,solver_status:optimal
CV_h5s3n29.txt,LCT2-CPSAT,3,5,9,9,600.0,0,0.0,1,11.1,5,571.22,11152.9,,true,solver_status:optimal
CV_h5s3n3.txt,LCT2-CPSAT,3,5,9,9,600.0,0,0.0,9,100.0,5,557.36,10321.9,,true,solver_status:optimal
CV_h5s3n30.txt,LCT2-CPSAT,3,5,9,9,600.0,0,0.0,5,55.6,5,576.58,10382.6,,true,solver_status:optimal
CV_h5s3n31.txt,LCT2-CPSAT,3,5,9,9,600.0,0,0.0,2,22.2,5,555.82,10469.0,,true,solver_status:optimal
CV_h5s3n32.txt,LCT2-CPSAT,3,5,9,9,600.0,1,11.1,9,100.0,5,540.38,10316.8,,true,solver_status:optimal
CV_h5s3n33.txt,LCT2-CPSAT,3,5,9,9,600.0,1,11.1,6,66.7,5,535.64,11062.4,,true,solver_status:optimal
CV_h5s3n34.txt,LCT2-CPSAT,3,5,9,9,600.0,0,0.0,2,22.2,5,568.41,10568.7,,true,solver_status:optimal
CV_h5s3n35.txt,LCT2-CPSAT,3,5,9,9,600.0,0,0.0,5,55.6,5,551.88,10097.9,,true,solver_status:optimal
CV_h5s3n36.txt,LCT2-CPSAT,3,5,9,9,600.0,0,0.0,1,11.1,5,591.70,10717.5,,true,solver_status:optimal
CV_h5s3n37.txt,LCT2-CPSAT,3,5,9,9,600.0,0,0.0,2,22.2,3,362.44,10081.6,,true,solver_status:optimal
CV_h5s3n38.txt,LCT2-CPSAT,3,5,9,9,600.0,0,0.0,2,22.2,5,576.52,10254.9,,true,solver_status:optimal
CV_h5s3n39.txt,LCT2-CPSAT,3,5,9,9,600.0,9,100.0,9,100.0,0,0.00,9875.7,,true,solver_status:optimal
CV_h5s3n4.txt,LCT2-CPSAT,3,5,9,9,600.0,1,11.1,4,44.4,5,558.57,10903.6,,true,solver_status:optimal
CV_h5s3n40.txt,LCT2-CPSAT,3,5,9,9,600.0,1,11.1,4,44.4,3,345.90,10118.8,,true,solver_status:optimal
CV_h5s3n5.txt,LCT2-CPSAT,3,5,9,9,600.0,4,44.4,9,100.0,5,571.22,9849.5,,true,solver_status:optimal
CV_h5s3n6.txt,LCT2-CPSAT,3,5,9,9,600.0,0,0.0,1,11.1,5,572.42,10635.4,,true,solver_status:optimal
CV_h5s3n7.txt,LCT2-CPSAT,3,5,9,9,600.0,0,0.0,3,33.3,5,579.11,10770.1,,true,solver_status:optimal
CV_h5s3n8.txt,LCT2-CPSAT,3,5,9,9,600.0,1,11.1,4,44.4,4,447.34,10343.7,,true,solver_status:optimal
CV_h5s3n9.txt,LCT2-CPSAT,3,5,9,9,600.0,0,0.0,1,11.1,5,555.82,9910.4,,true,solver_status:optimal
CV_h5s4n1.txt,LCT2-CPSAT,4,5,12,12,600.0,2,16.7,6,50.0,5,553.14,16193.0,,true,solver_status:optimal
CV_h5s4n10.txt,LCT2-CPSAT,4,5,12,12,600.0,0,0.0,3,25.0,5,598.77,11889.3,,true,solver_status:optimal
CV_h5s4n11.txt,LCT2-CPSAT,4,5,12,12,600.0,1,8.3,4,33.3,5,591.60,16272.9,,true,solver_status:optimal
CV_h5s4n12.txt,LCT2-CPSAT,4,5,12,12,600.0,1,8.3,3,25.0,3,318.80,19675.5,,true,solver_status:optimal
CV_h5s4n13.txt,LCT2-CPSAT,4,5,12,12,600.0,1,8.3,12,100.0,5,567.55,14748.8,,true,solver_status:optimal
CV_h5s4n14.txt,LCT2-CPSAT,4,5,12,12,600.0,0,0.0,2,16.7,5,552.79,16819.2,,true,solver_status:optimal
CV_h5s4n15.txt,LCT2-CPSAT,4,5,12,12,600.0,0,0.0,8,66.7,5,578.60,15316.8,,true,solver_status:optimal
CV_h5s4n16.txt,LCT2-CPSAT,4,5,12,12,600.0,0,0.0,3,25.0,5,550.49,12568.1,,true,solver_status:optimal
CV_h5s4n17.txt,LCT2-CPSAT,4,5,12,12,600.0,0,0.0,7,58.3,5,553.02,27532.9,,true,solver_status:optimal
CV_h5s4n18.txt,LCT2-CPSAT,4,5,12,12,600.0,0,0.0,3,25.0,5,592.90,22952.4,,true,solver_status:optimal
CV_h5s4n19.txt,LCT2-CPSAT,4,5,12,12,600.0,0,0.0,5,41.7,5,585.35,13848.9,,true,solver_status:optimal
CV_h5s4n2.txt,LCT2-CPSAT,4,5,12,12,600.0,0,0.0,9,75.0,5,564.76,15855.2,,true,solver_status:optimal
CV_h5s4n20.txt,LCT2-CPSAT,4,5,12,12,600.0,0,0.0,5,41.7,4,490.46,18073.9,,true,solver_status:optimal
CV_h5s4n21.txt,LCT2-CPSAT,4,5,12,12,600.0,1,8.3,4,33.3,5,581.37,14103.7,,true,solver_status:optimal
CV_h5s4n22.txt,LCT2-CPSAT,4,5,12,12,600.0,0,0.0,6,50.0,5,561.87,14516.5,,true,solver_status:optimal
CV_h5s4n23.txt,LCT2-CPSAT,4,5,12,12,600.0,3,25.0,5,41.7,5,580.31,19002.4,,true,solver_status:optimal
CV_h5s4n24.txt,LCT2-CPSAT,4,5,12,12,600.0,0,0.0,4,33.3,5,574.06,17505.0,,true,solver_status:optimal
CV_h5s4n25.txt,LCT2-CPSAT,4,5,12,12,600.0,0,0.0,2,16.7,4,442.64,16560.9,,true,solver_status:optimal
CV_h5s4n26.txt,LCT2-CPSAT,4,5,12,12,600.0,1,8.3,9,75.0,5,541.63,19405.1,,true,solver_status:optimal
CV_h5s4n27.txt,LCT2-CPSAT,4,5,12,12,600.0,4,33.3,12,100.0,5,544.35,13875.6,,true,solver_status:optimal
CV_h5s4n28.txt,LCT2-CPSAT,4,5,12,12,600.0,0,0.0,3,25.0,4,451.48,16346.9,,true,solver_status:optimal
CV_h5s4n29.txt,LCT2-CPSAT,4,5,12,12,600.0,0,0.0,4,33.3,5,562.77,13722.3,,true,solver_status:optimal
CV_h5s4n3.txt,LCT2-CPSAT,4,5,12,12,600.0,1,8.3,6,50.0,5,560.62,14414.4,,true,solver_status:optimal
CV_h5s4n30.txt,LCT2-CPSAT,4,5,12,12,600.0,0,0.0,5,41.7,5,589.35,17489.2,,true,solver_status:optimal
CV_h5s4n31.txt,LCT2-CPSAT,4,5,12,12,600.0,0,0.0,3,25.0,5,554.85,26161.4,,true,solver_status:optimal
CV_h5s4n32.txt,LCT2-CPSAT,4,5,12,12,600.0,0,0.0,2,16.7,5,556.88,14343.5,,true,solver_status:optimal
CV_h5s4n33.txt,LCT2-CPSAT,4,5,12,12,600.0,0,0.0,3,25.0,5,557.78,17485.8,,true,solver_status:optimal
CV_h5s4n34.txt,LCT2-CPSAT,4,5,12,12,600.0,0,0.0,4,33.3,5,580.29,35124.5,,true,solver_status:optimal
CV_h5s4n35.txt,LCT2-CPSAT,4,5,12,12,600.0,1,8.3,8,66.7,5,599.66,15894.1,,true,solver_status:optimal
CV_h5s4n36.txt,LCT2-CPSAT,4,5,12,12,600.0,0,0.0,3,25.0,5,573.53,21471.6,,true,solver_status:optimal
CV_h5s4n37.txt,LCT2-CPSAT,4,5,12,12,600.0,3,25.0,7,58.3,5,590.02,19247.5,,true,solver_status:optimal
CV_h5s4n38.txt,LCT2-CPSAT,4,5,12,12,600.0,2,16.7,6,50.0,5,571.12,25504.8,,true,solver_status:optimal
CV_h5s4n39.txt,LCT2-CPSAT,4,5,12,12,600.0,0,0.0,4,33.3,5,577.63,26601.4,,true,solver_status:optimal
CV_h5s4n4.txt,LCT2-CPSAT,4,5,12,12,600.0,0,0.0,9,75.0,5,596.76,16070.8,,true,solver_status:optimal
CV_h5s4n40.txt,LCT2-CPSAT,4,5,12,12,600.0,0,0.0,4,33.3,5,536.26,17040.5,,true,solver_status:optimal
CV_h5s4n5.txt,LCT2-CPSAT,4,5,12,12,600.0,1,8.3,4,33.3,5,571.34,18432.2,,true,solver_status:optimal
CV_h5s4n6.txt,LCT2-CPSAT,4,5,12,12,600.0,0,0.0,4,33.3,5,548.84,14049.0,,true,solver_status:optimal
CV_h5s4n7.txt,LCT2-CPSAT,4,5,12,12,600.0,0,0.0,3,25.0,5,575.87,12468.0,,true,solver_status:optimal
CV_h5s4n8.txt,LCT2-CPSAT,4,5,12,12,600.0,2,16.7,4,33.3,5,566.29,38660.4,,true,solver_status:optimal
CV_h5s4n9.txt,LCT2-CPSAT,4,5,12,12,600.0,0,0.0,7,58.3,5,586.63,16219.2,,true,solver_status:optimal
CV_h5s5n1.txt,LCT2-CPSAT,5,5,15,15,600.0,1,6.7,7,46.7,4,455.71,31285.2,,true,solver_status:optimal
CV_h5s5n10.txt,LCT2-CPSAT,5,5,15,15,600.0,3,20.0,13,86.7,5,594.23,22907.0,,true,solver_status:optimal
CV_h5s5n11.txt,LCT2-CPSAT,5,5,15,15,600.0,0,0.0,2,13.3,5,571.99,19621.5,,true,solver_status:optimal
CV_h5s5n12.txt,LCT2-CPSAT,5,5,15,15,600.0,0,0.0,4,26.7,5,561.54,112090.5,,true,solver_status:optimal
CV_h5s5n13.txt,LCT2-CPSAT,5,5,15,15,600.0,0,0.0,2,13.3,5,560.50,70881.8,,true,solver_status:optimal
CV_h5s5n14.txt,LCT2-CPSAT,5,5,15,15,600.0,0,0.0,10,66.7,5,576.54,109217.5,,true,solver_status:optimal
CV_h5s5n15.txt,LCT2-CPSAT,5,5,15,15,600.0,0,0.0,7,46.7,5,540.05,20849.7,,true,solver_status:optimal
CV_h5s5n16.txt,LCT2-CPSAT,5,5,15,15,600.0,0,0.0,5,33.3,5,598.93,27194.1,,true,solver_status:optimal
CV_h5s5n17.txt,LCT2-CPSAT,5,5,15,15,600.0,0,0.0,11,73.3,5,573.29,14141.0,,true,solver_status:optimal
CV_h5s5n18.txt,LCT2-CPSAT,5,5,15,15,600.0,1,6.7,10,66.7,5,590.42,70833.9,,true,solver_status:optimal
CV_h5s5n19.txt,LCT2-CPSAT,5,5,15,15,600.0,1,6.7,6,40.0,5,573.26,70156.5,,true,solver_status:optimal
CV_h5s5n2.txt,LCT2-CPSAT,5,5,15,15,600.0,0,0.0,3,20.0,4,482.47,107474.1,,true,solver_status:optimal
CV_h5s5n20.txt,LCT2-CPSAT,5,5,15,15,600.0,0,0.0,8,53.3,5,583.60,16261.0,,true,solver_status:optimal
CV_h5s5n21.txt,LCT2-CPSAT,5,5,15,15,600.0,0,0.0,5,33.3,5,598.07,312584.9,,true,solver_status:optimal
CV_h5s5n22.txt,LCT2-CPSAT,5,5,15,15,600.0,1,6.7,4,26.7,5,573.69,201865.3,,true,solver_status:optimal
CV_h5s5n23.txt,LCT2-CPSAT,5,5,15,15,600.0,1,6.7,5,33.3,5,575.16,140808.5,,true,solver_status:optimal
CV_h5s5n24.txt,LCT2-CPSAT,5,5,15,15,600.0,0,0.0,3,20.0,5,599.31,50414.3,,true,solver_status:optimal
CV_h5s5n25.txt,LCT2-CPSAT,5,5,15,15,600.0,2,13.3,11,73.3,5,562.99,16884.6,,true,solver_status:optimal
CV_h5s5n26.txt,LCT2-CPSAT,5,5,15,15,600.0,0,0.0,5,33.3,5,566.84,16927.3,,true,solver_status:optimal
CV_h5s5n27.txt,LCT2-CPSAT,5,5,15,15,600.0,0,0.0,6,40.0,5,597.89,91287.4,,true,solver_status:optimal
CV_h5s5n28.txt,LCT2-CPSAT,5,5,15,15,600.0,0,0.0,8,53.3,4,462.19,70058.4,,true,solver_status:optimal
CV_h5s5n29.txt,LCT2-CPSAT,5,5,15,15,600.0,0,0.0,2,13.3,4,462.57,73274.4,,true,solver_status:optimal
CV_h5s5n3.txt,LCT2-CPSAT,5,5,15,15,600.0,0,0.0,4,26.7,5,528.57,86321.6,,true,solver_status:optimal
CV_h5s5n30.txt,LCT2-CPSAT,5,5,15,15,600.0,0,0.0,8,53.3,5,599.29,85057.9,,true,solver_status:optimal
CV_h5s5n31.txt,LCT2-CPSAT,5,5,15,15,600.0,1,6.7,3,20.0,5,568.75,100706.6,,true,solver_status:optimal
CV_h5s5n32.txt,LCT2-CPSAT,5,5,15,15,600.0,0,0.0,5,33.3,5,596.63,19804.5,,true,solver_status:optimal
CV_h5s5n33.txt,LCT2-CPSAT,5,5,15,15,600.0,1,6.7,10,66.7,5,573.55,15995.2,,true,solver_status:optimal
CV_h5s5n34.txt,LCT2-CPSAT,5,5,15,15,600.0,0,0.0,2,13.3,5,550.11,75282.4,,true,solver_status:optimal
CV_h5s5n35.txt,LCT2-CPSAT,5,5,15,15,600.0,1,6.7,8,53.3,5,586.10,45349.0,,true,solver_status:optimal
CV_h5s5n36.txt,LCT2-CPSAT,5,5,15,15,600.0,1,6.7,4,26.7,5,594.54,338393.3,,true,solver_status:optimal
CV_h5s5n37.txt,LCT2-CPSAT,5,5,15,15,600.0,0,0.0,2,13.3,5,554.17,12803.4,,true,solver_status:optimal
CV_h5s5n38.txt,LCT2-CPSAT,5,5,15,15,600.0,0,0.0,15,100.0,5,572.48,51466.9,,true,solver_status:optimal
CV_h5s5n39.txt,LCT2-CPSAT,5,5,15,15,600.0,0,0.0,8,53.3,5,596.05,33048.0,,true,solver_status:optimal
CV_h5s5n4.txt,LCT2-CPSAT,5,5,15,15,600.0,0,0.0,7,46.7,5,572.27,117375.3,,true,solver_status:optimal
CV_h5s5n40.txt,LCT2-CPSAT,5,5,15,15,600.0,2,13.3,7,46.7,5,587.96,153190.7,,true,solver_status:optimal
CV_h5s5n5.txt,LCT2-CPSAT,5,5,15,15,600.0,0,0.0,3,20.0,5,555.55,17268.5,,true,solver_status:optimal
CV_h5s5n6.txt,LCT2-CPSAT,5,5,15,15,600.0,0,0.0,5,33.3,5,564.19,46356.2,,true,solver_status:optimal
CV_h5s5n7.txt,LCT2-CPSAT,5,5,15,15,600.0,0,0.0,5,33.3,5,559.53,125025.0,,true,solver_status:optimal
CV_h5s5n8.txt,LCT2-CPSAT,5,5,15,15,600.0,0,0.0,2,13.3,5,573.03,14096.6,,true,solver_status:optimal
CV_h5s5n9.txt,LCT2-CPSAT,5,5,15,15,600.0,0,0.0,5,33.3,5,554.16,27415.3,,true,solver_status:optimal
CV_h5s6n1.txt,LCT2-CPSAT,6,5,18,18,600.0,0,0.0,3,16.7,5,575.71,532624.8,,true,solver_status:optimal
CV_h5s6n10.txt,LCT2-CPSAT,6,5,18,18,600.0,1,5.6,7,38.9,5,563.05,1154706.1,,true,solver_status:optimal
CV_h5s6n11.txt,LCT2-CPSAT,6,5,18,18,600.0,3,16.7,18,100.0,5,573.64,73168.8,,true,solver_status:optimal
CV_h5s6n12.txt,LCT2-CPSAT,6,5,18,18,600.0,0,0.0,5,27.8,5,568.98,232286.9,,true,solver_status:optimal
CV_h5s6n13.txt,LCT2-CPSAT,6,5,18,18,600.0,0,0.0,7,38.9,5,565.45,63788.8,,true,solver_status:optimal
CV_h5s6n14.txt,LCT2-CPSAT,6,5,18,18,600.0,0,0.0,5,27.8,5,578.21,135055.8,,true,solver_status:optimal
CV_h5s6n15.txt,LCT2-CPSAT,6,5,18,18,600.0,0,0.0,4,22.2,5,590.73,139646.9,,true,solver_status:optimal
CV_h5s6n16.txt,LCT2-CPSAT,6,5,18,18,600.0,0,0.0,4,22.2,5,573.76,63079.1,,true,solver_status:optimal
CV_h5s6n17.txt,LCT2-CPSAT,6,5,18,18,600.0,0,0.0,3,16.7,5,566.34,101549.8,,true,solver_status:optimal
CV_h5s6n18.txt,LCT2-CPSAT,6,5,18,18,600.0,2,11.1,8,44.4,5,585.25,993307.9,,true,solver_status:optimal
CV_h5s6n19.txt,LCT2-CPSAT,6,5,18,18,600.0,0,0.0,3,16.7,5,592.27,316660.9,,true,solver_status:optimal
CV_h5s6n2.txt,LCT2-CPSAT,6,5,18,18,600.0,0,0.0,5,27.8,5,590.73,218741.8,,true,solver_status:optimal
CV_h5s6n20.txt,LCT2-CPSAT,6,5,18,18,600.0,0,0.0,10,55.6,5,572.26,73706.8,,true,solver_status:optimal
CV_h5s6n21.txt,LCT2-CPSAT,6,5,18,18,600.0,1,5.6,6,33.3,5,585.61,54475.8,,true,solver_status:optimal
CV_h5s6n22.txt,LCT2-CPSAT,6,5,18,18,600.0,0,0.0,3,16.7,5,580.33,34880.3,,true,solver_status:optimal
CV_h5s6n23.txt,LCT2-CPSAT,6,5,18,18,600.0,0,0.0,4,22.2,5,597.19,66379.5,,true,solver_status:optimal
CV_h5s6n24.txt,LCT2-CPSAT,6,5,18,18,600.0,0,0.0,3,16.7,5,573.06,151172.6,,true,solver_status:optimal
CV_h5s6n25.txt,LCT2-CPSAT,6,5,18,18,600.0,1,5.6,4,22.2,5,599.60,225208.5,,true,solver_status:optimal
CV_h5s6n26.txt,LCT2-CPSAT,6,5,18,18,600.0,0,0.0,3,16.7,5,570.06,43117.5,,true,solver_status:optimal
CV_h5s6n27.txt,LCT2-CPSAT,6,5,18,18,600.0,1,5.6,3,16.7,5,587.94,506517.3,,true,solver_status:optimal
CV_h5s6n28.txt,LCT2-CPSAT,6,5,18,18,600.0,2,11.1,10,55.6,5,564.31,1787892.0,,true,solver_status:optimal
CV_h5s6n29.txt,LCT2-CPSAT,6,5,18,18,600.0,0,0.0,4,22.2,5,571.00,193368.3,,true,solver_status:optimal
CV_h5s6n3.txt,LCT2-CPSAT,6,5,18,18,600.0,0,0.0,3,16.7,5,567.66,736221.0,,true,solver_status:optimal
CV_h5s6n30.txt,LCT2-CPSAT,6,5,18,18,600.0,4,22.2,8,44.4,5,596.12,132063.4,,true,solver_status:optimal
CV_h5s6n31.txt,LCT2-CPSAT,6,5,18,18,600.0,0,0.0,5,27.8,5,571.92,381638.8,,true,solver_status:optimal
CV_h5s6n32.txt,LCT2-CPSAT,6,5,18,18,600.0,0,0.0,7,38.9,5,594.28,274317.6,,true,solver_status:optimal
CV_h5s6n33.txt,LCT2-CPSAT,6,5,18,18,600.0,1,5.6,4,22.2,5,578.03,336253.3,,true,solver_status:optimal
CV_h5s6n34.txt,LCT2-CPSAT,6,5,18,18,600.0,0,0.0,9,50.0,4,455.86,318165.6,,true,solver_status:optimal
CV_h5s6n35.txt,LCT2-CPSAT,6,5,18,18,600.0,1,5.6,11,61.1,5,592.16,190842.4,,true,solver_status:optimal
CV_h5s6n36.txt,LCT2-CPSAT,6,5,18,18,600.0,2,11.1,5,27.8,5,571.62,476750.7,,true,solver_status:optimal
CV_h5s6n37.txt,LCT2-CPSAT,6,5,18,18,600.0,0,0.0,3,16.7,5,576.38,120906.7,,true,solver_status:optimal
CV_h5s6n38.txt,LCT2-CPSAT,6,5,18,18,600.0,0,0.0,8,44.4,5,580.31,716002.8,,true,solver_status:optimal
CV_h5s6n39.txt,LCT2-CPSAT,6,5,18,18,600.0,0,0.0,5,27.8,5,565.47,128594.5,,true,solver_status:optimal
CV_h5s6n4.txt,LCT2-CPSAT,6,5,18,18,600.0,0,0.0,7,38.9,5,577.65,1000019.7,,true,solver_status:optimal
CV_h5s6n40.txt,LCT2-CPSAT,6,5,18,18,600.0,1,5.6,7,38.9,5,571.53,135333.4,,true,solver_status:optimal
CV_h5s6n5.txt,LCT2-CPSAT,6,5,18,18,600.0,0,0.0,11,61.1,5,574.87,470812.9,,true,solver_status:optimal
CV_h5s6n6.txt,LCT2-CPSAT,6,5,18,18,600.0,0,0.0,3,16.7,5,569.09,162763.2,,true,solver_status:optimal
CV_h5s6n7.txt,LCT2-CPSAT,6,5,18,18,600.0,0,0.0,2,11.1,5,556.91,634349.1,,true,solver_status:optimal
CV_h5s6n8.txt,LCT2-CPSAT,6,5,18,18,600.0,1,5.6,5,27.8,5,590.97,42232.4,,true,solver_status:optimal
CV_h5s6n9.txt,LCT2-CPSAT,6,5,18,18,600.0,0,0.0,3,16.7,5,546.20,975593.5,,true,solver_status:optimal
CV_h5s7n1.txt,LCT2-CPSAT,7,5,21,21,600.0,0,0.0,12,57.1,5,574.11,1778910.6,,true,solver_status:optimal
CV_h5s7n10.txt,LCT2-CPSAT,7,5,21,21,600.0,0,0.0,11,52.4,5,555.44,3597601.1,,false,solver_status:feasible
CV_h5s7n11.txt,LCT2-CPSAT,7,5,21,21,600.0,0,0.0,7,33.3,5,576.13,520588.2,,true,solver_status:optimal
CV_h5s7n12.txt,LCT2-CPSAT,7,5,21,21,600.0,1,4.8,11,52.4,5,572.02,209159.3,,true,solver_status:optimal
CV_h5s7n13.txt,LCT2-CPSAT,7,5,21,21,600.0,0,0.0,3,14.3,5,582.59,2286079.0,,true,solver_status:optimal
CV_h5s7n14.txt,LCT2-CPSAT,7,5,21,21,600.0,0,0.0,7,33.3,5,576.98,237322.8,,true,solver_status:optimal
CV_h5s7n15.txt,LCT2-CPSAT,7,5,21,21,600.0,0,0.0,12,57.1,5,594.40,1529734.3,,true,solver_status:optimal
CV_h5s7n16.txt,LCT2-CPSAT,7,5,21,21,600.0,3,14.3,5,23.8,5,590.97,1260135.9,,true,solver_status:optimal
CV_h5s7n17.txt,LCT2-CPSAT,7,5,21,21,600.0,1,4.8,9,42.9,5,584.67,1216021.0,,true,solver_status:optimal
CV_h5s7n18.txt,LCT2-CPSAT,7,5,21,21,600.0,5,23.8,9,42.9,5,586.36,1013834.5,,true,solver_status:optimal
CV_h5s7n19.txt,LCT2-CPSAT,7,5,21,21,600.0,0,0.0,3,14.3,5,563.64,2441509.1,,true,solver_status:optimal
CV_h5s7n2.txt,LCT2-CPSAT,7,5,21,21,600.0,0,0.0,8,38.1,5,578.64,616700.2,,true,solver_status:optimal
CV_h5s7n20.txt,LCT2-CPSAT,7,5,21,21,600.0,0,0.0,10,47.6,4,491.95,3597170.2,,false,solver_status:feasible
CV_h5s7n21.txt,LCT2-CPSAT,7,5,21,21,600.0,0,0.0,5,23.8,5,591.18,1907442.3,,true,solver_status:optimal
CV_h5s7n22.txt,LCT2-CPSAT,7,5,21,21,600.0,0,0.0,6,28.6,5,593.95,122662.1,,true,solver_status:optimal
CV_h5s7n23.txt,LCT2-CPSAT,7,5,21,21,600.0,0,0.0,5,23.8,5,591.24,3597803.9,,false,solver_status:feasible
CV_h5s7n24.txt,LCT2-CPSAT,7,5,21,21,600.0,1,4.8,8,38.1,5,576.38,1105304.2,,true,solver_status:optimal
CV_h5s7n25.txt,LCT2-CPSAT,7,5,21,21,600.0,1,4.8,6,28.6,5,574.08,457243.6,,true,solver_status:optimal
CV_h5s7n26.txt,LCT2-CPSAT,7,5,21,21,600.0,0,0.0,6,28.6,5,568.65,339800.3,,true,solver_status:optimal
CV_h5s7n27.txt,LCT2-CPSAT,7,5,21,21,600.0,0,0.0,5,23.8,5,598.64,152180.4,,true,solver_status:optimal
CV_h5s7n28.txt,LCT2-CPSAT,7,5,21,21,600.0,2,9.5,10,47.6,5,591.90,176164.0,,true,solver_status:optimal
CV_h5s7n29.txt,LCT2-CPSAT,7,5,21,21,600.0,1,4.8,4,19.0,5,584.36,744212.6,,true,solver_status:optimal
CV_h5s7n3.txt,LCT2-CPSAT,7,5,21,21,600.0,3,14.3,8,38.1,5,582.09,112205.9,,true,solver_status:optimal
CV_h5s7n30.txt,LCT2-CPSAT,7,5,21,21,600.0,2,9.5,6,28.6,5,582.38,2845336.0,,true,solver_status:optimal
CV_h5s7n31.txt,LCT2-CPSAT,7,5,21,21,600.0,0,0.0,5,23.8,5,560.80,738410.8,,true,solver_status:optimal
CV_h5s7n32.txt,LCT2-CPSAT,7,5,21,21,600.0,1,4.8,4,19.0,5,587.52,3597032.3,,false,solver_status:feasible
CV_h5s7n33.txt,LCT2-CPSAT,7,5,21,21,600.0,0,0.0,4,19.0,5,572.63,3497007.8,,true,solver_status:optimal
CV_h5s7n34.txt,LCT2-CPSAT,7,5,21,21,600.0,0,0.0,6,28.6,5,569.53,422932.4,,true,solver_status:optimal
CV_h5s7n35.txt,LCT2-CPSAT,7,5,21,21,600.0,0,0.0,4,19.0,5,599.53,2381971.6,,true,solver_status:optimal
CV_h5s7n36.txt,LCT2-CPSAT,7,5,21,21,600.0,0,0.0,7,33.3,5,594.39,925799.3,,true,solver_status:optimal
CV_h5s7n37.txt,LCT2-CPSAT,7,5,21,21,600.0,0,0.0,9,42.9,5,569.02,3598010.3,,false,solver_status:feasible
CV_h5s7n38.txt,LCT2-CPSAT,7,5,21,21,600.0,1,4.8,3,14.3,5,584.97,791279.9,,true,solver_status:optimal
CV_h5s7n39.txt,LCT2-CPSAT,7,5,21,21,600.0,0,0.0,9,42.9,5,580.30,3054883.5,,true,solver_status:optimal
CV_h5s7n4.txt,LCT2-CPSAT,7,5,21,21,600.0,0,0.0,8,38.1,5,567.14,3596967.0,,false,solver_status:feasible
CV_h5s7n40.txt,LCT2-CPSAT,7,5,21,21,600.0,0,0.0,8,38.1,5,593.13,1444071.3,,true,solver_status:optimal
CV_h5s7n5.txt,LCT2-CPSAT,7,5,21,21,600.0,0,0.0,4,19.0,5,570.98,140317.5,,true,solver_status:optimal
CV_h5s7n6.txt,LCT2-CPSAT,7,5,21,21,600.0,1,4.8,7,33.3,5,570.42,523998.5,,true,solver_status:optimal
CV_h5s7n7.txt,LCT2-CPSAT,7,5,21,21,600.0,0,0.0,4,19.0,5,562.73,142173.4,,true,solver_status:optimal
CV_h5s7n8.txt,LCT2-CPSAT,7,5,21,21,600.0,0,0.0,10,47.6,5,562.57,213253.4,,true,solver_status:optimal
CV_h5s7n9.txt,LCT2-CPSAT,7,5,21,21,600.0,0,0.0,4,19.0,5,574.54,3597822.2,,false,solver_status:feasible
CV_h5s8n1.txt,LCT2-CPSAT,8,5,24,24,600.0,0,0.0,6,25.0,5,599.61,984599.3,,true,solver_status:optimal
CV_h5s8n10.txt,LCT2-CPSAT,8,5,24,24,600.0,0,0.0,6,25.0,5,584.27,3597326.4,,false,solver_status:feasible
CV_h5s8n11.txt,LCT2-CPSAT,8,5,24,24,600.0,1,4.2,4,16.7,5,582.44,3597356.0,,false,solver_status:feasible
CV_h5s8n12.txt,LCT2-CPSAT,8,5,24,24,600.0,0,0.0,7,29.2,5,568.26,2184767.8,,true,solver_status:optimal
CV_h5s8n13.txt,LCT2-CPSAT,8,5,24,24,600.0,0,0.0,6,25.0,5,596.66,3598980.4,,false,solver_status:feasible
CV_h5s8n14.txt,LCT2-CPSAT,8,5,24,24,600.0,0,0.0,5,20.8,4,456.28,3599041.9,,false,solver_status:feasible
CV_h5s8n15.txt,LCT2-CPSAT,8,5,24,24,600.0,0,0.0,6,25.0,5,585.58,1047812.6,,true,solver_status:optimal
CV_h5s8n16.txt,LCT2-CPSAT,8,5,24,24,600.0,1,4.2,8,33.3,5,597.36,3597222.6,,false,solver_status:feasible
CV_h5s8n17.txt,LCT2-CPSAT,8,5,24,24,600.0,1,4.2,11,45.8,5,583.72,3597220.7,,false,solver_status:feasible
CV_h5s8n18.txt,LCT2-CPSAT,8,5,24,24,600.0,0,0.0,8,33.3,5,595.40,3301476.4,,true,solver_status:optimal
CV_h5s8n19.txt,LCT2-CPSAT,8,5,24,24,600.0,0,0.0,8,33.3,5,590.16,3598120.7,,false,solver_status:feasible
CV_h5s8n2.txt,LCT2-CPSAT,8,5,24,24,600.0,0,0.0,8,33.3,5,583.38,2301143.7,,true,solver_status:optimal
CV_h5s8n20.txt,LCT2-CPSAT,8,5,24,24,600.0,0,0.0,4,16.7,4,468.78,2922985.9,,true,solver_status:optimal
CV_h5s8n21.txt,LCT2-CPSAT,8,5,24,24,600.0,0,0.0,10,41.7,5,588.60,3386862.4,,true,solver_status:optimal
CV_h5s8n22.txt,LCT2-CPSAT,8,5,24,24,600.0,0,0.0,6,25.0,5,590.16,722118.2,,true,solver_status:optimal
CV_h5s8n23.txt,LCT2-CPSAT,8,5,24,24,600.0,0,0.0,9,37.5,5,590.75,737611.1,,true,solver_status:optimal
CV_h5s8n24.txt,LCT2-CPSAT,8,5,24,24,600.0,0,0.0,11,45.8,5,596.55,3597489.0,,false,solver_status:feasible
CV_h5s8n25.txt,LCT2-CPSAT,8,5,24,24,600.0,1,4.2,10,41.7,5,576.97,2638384.6,,true,solver_status:optimal
CV_h5s8n26.txt,LCT2-CPSAT,8,5,24,24,600.0,0,0.0,3,12.5,5,593.02,3597487.9,,false,solver_status:feasible
CV_h5s8n27.txt,LCT2-CPSAT,8,5,24,24,600.0,0,0.0,5,20.8,5,581.22,3596965.1,,false,solver_status:feasible
CV_h5s8n28.txt,LCT2-CPSAT,8,5,24,24,600.0,0,0.0,10,41.7,5,571.33,714987.8,,true,solver_status:optimal
CV_h5s8n29.txt,LCT2-CPSAT,8,5,24,24,600.0,0,0.0,5,20.8,5,583.24,538639.5,,true,solver_status:optimal
CV_h5s8n3.txt,LCT2-CPSAT,8,5,24,24,600.0,0,0.0,7,29.2,5,581.21,3596906.7,,false,solver_status:feasible
CV_h5s8n30.txt,LCT2-CPSAT,8,5,24,24,600.0,0,0.0,6,25.0,5,593.50,729351.9,,true,solver_status:optimal
CV_h5s8n31.txt,LCT2-CPSAT,8,5,24,24,600.0,0,0.0,4,16.7,5,598.80,294200.0,,true,solver_status:optimal
CV_h5s8n32.txt,LCT2-CPSAT,8,5,24,24,600.0,0,0.0,3,12.5,5,589.20,3596827.2,,false,solver_status:feasible
CV_h5s8n33.txt,LCT2-CPSAT,8,5,24,24,600.0,0,0.0,4,16.7,5,572.25,3597374.9,,false,solver_status:feasible
CV_h5s8n34.txt,LCT2-CPSAT,8,5,24,24,600.0,0,0.0,3,12.5,5,568.91,3528338.4,,true,solver_status:optimal
CV_h5s8n35.txt,LCT2-CPSAT,8,5,24,24,600.0,0,0.0,5,20.8,5,588.90,501567.7,,true,solver_status:optimal
CV_h5s8n36.txt,LCT2-CPSAT,8,5,24,24,600.0,0,0.0,4,16.7,5,585.49,3596855.8,,false,solver_status:feasible
CV_h5s8n37.txt,LCT2-CPSAT,8,5,24,24,600.0,0,0.0,13,54.2,5,588.16,568926.2,,true,solver_status:optimal
CV_h5s8n38.txt,LCT2-CPSAT,8,5,24,24,600.0,0,0.0,7,29.2,5,582.85,633810.6,,true,solver_status:optimal
CV_h5s8n39.txt,LCT2-CPSAT,8,5,24,24,600.0,0,0.0,4,16.7,5,598.34,2420357.5,,true,solver_status:optimal
CV_h5s8n4.txt,LCT2-CPSAT,8,5,24,24,600.0,1,4.2,6,25.0,5,579.75,3596874.7,,false,solver_status:feasible
CV_h5s8n40.txt,LCT2-CPSAT,8,5,24,24,600.0,1,4.2,6,25.0,5,582.34,736633.9,,true,solver_status:optimal
CV_h5s8n5.txt,LCT2-CPSAT,8,5,24,24,600.0,0,0.0,7,29.2,5,568.83,2523238.1,,true,solver_status:optimal
CV_h5s8n6.txt,LCT2-CPSAT,8,5,24,24,600.0,0,0.0,5,20.8,5,578.01,3596872.7,,false,solver_status:feasible
CV_h5s8n7.txt,LCT2-CPSAT,8,5,24,24,600.0,0,0.0,4,16.7,5,598.63,3596843.9,,false,solver_status:feasible
CV_h5s8n8.txt,LCT2-CPSAT,8,5,24,24,600.0,2,8.3,4,16.7,5,591.12,3471788.8,,true,solver_status:optimal
CV_h5s8n9.txt,LCT2-CPSAT,8,5,24,24,600.0,0,0.0,5,20.8,5,586.51,3596804.4,,false,solver_status:feasible
CV_h6s4n1.txt,LCT2-CPSAT,4,6,16,16,600.0,0,0.0,4,25.0,5,570.85,9177.8,,true,solver_status:optimal
CV_h6s4n10.txt,LCT2-CPSAT,4,6,16,16,600.0,0,0.0,5,31.2,5,569.95,14387.8,,true,solver_status:optimal
CV_h6s4n11.txt,LCT2-CPSAT,4,6,16,16,600.0,0,0.0,3,18.8,5,593.52,12291.1,,true,solver_status:optimal
CV_h6s4n12.txt,LCT2-CPSAT,4,6,16,16,600.0,3,18.8,5,31.2,5,589.25,13864.4,,true,solver_status:optimal
CV_h6s4n13.txt,LCT2-CPSAT,4,6,16,16,600.0,0,0.0,4,25.0,4,452.09,11870.5,,true,solver_status:optimal
CV_h6s4n14.txt,LCT2-CPSAT,4,6,16,16,600.0,0,0.0,2,12.5,5,549.92,8918.3,,true,solver_status:optimal
CV_h6s4n15.txt,LCT2-CPSAT,4,6,16,16,600.0,1,6.2,5,31.2,5,596.92,33865.9,,true,solver_status:optimal
CV_h6s4n16.txt,LCT2-CPSAT,4,6,16,16,600.0,0,0.0,2,12.5,5,578.22,8415.3,,true,solver_status:optimal
CV_h6s4n17.txt,LCT2-CPSAT,4,6,16,16,600.0,0,0.0,3,18.8,5,579.40,12886.4,,true,solver_status:optimal
CV_h6s4n18.txt,LCT2-CPSAT,4,6,16,16,600.0,0,0.0,1,6.2,4,511.81,8220.5,,true,solver_status:optimal
CV_h6s4n19.txt,LCT2-CPSAT,4,6,16,16,600.0,0,0.0,3,18.8,5,587.72,13816.7,,true,solver_status:optimal
CV_h6s4n2.txt,LCT2-CPSAT,4,6,16,16,600.0,0,0.0,6,37.5,5,558.17,18343.9,,true,solver_status:optimal
CV_h6s4n20.txt,LCT2-CPSAT,4,6,16,16,600.0,0,0.0,6,37.5,5,576.17,10602.3,,true,solver_status:optimal
CV_h6s4n21.txt,LCT2-CPSAT,4,6,16,16,600.0,0,0.0,2,12.5,5,528.36,9536.7,,true,solver_status:optimal
CV_h6s4n22.txt,LCT2-CPSAT,4,6,16,16,600.0,0,0.0,3,18.8,5,584.88,19313.5,,true,solver_status:optimal
CV_h6s4n23.txt,LCT2-CPSAT,4,6,16,16,600.0,0,0.0,3,18.8,5,563.13,18034.5,,true,solver_status:optimal
CV_h6s4n24.txt,LCT2-CPSAT,4,6,16,16,600.0,0,0.0,4,25.0,5,568.70,13750.5,,true,solver_status:optimal
CV_h6s4n25.txt,LCT2-CPSAT,4,6,16,16,600.0,1,6.2,4,25.0,5,599.30,14254.5,,true,solver_status:optimal
CV_h6s4n26.txt,LCT2-CPSAT,4,6,16,16,600.0,0,0.0,5,31.2,5,573.49,10512.4,,true,solver_status:optimal
CV_h6s4n27.txt,LCT2-CPSAT,4,6,16,16,600.0,0,0.0,4,25.0,5,576.52,11848.1,,true,solver_status:optimal
CV_h6s4n28.txt,LCT2-CPSAT,4,6,16,16,600.0,0,0.0,3,18.8,5,587.94,12184.2,,true,solver_status:optimal
CV_h6s4n29.txt,LCT2-CPSAT,4,6,16,16,600.0,0,0.0,6,37.5,5,574.74,15399.1,,true,solver_status:optimal
CV_h6s4n3.txt,LCT2-CPSAT,4,6,16,16,600.0,2,12.5,3,18.8,5,570.34,13761.1,,true,solver_status:optimal
CV_h6s4n30.txt,LCT2-CPSAT,4,6,16,16,600.0,0,0.0,2,12.5,4,481.69,13733.7,,true,solver_status:optimal
CV_h6s4n31.txt,LCT2-CPSAT,4,6,16,16,600.0,1,6.2,3,18.8,5,573.84,13411.4,,true,solver_status:optimal
CV_h6s4n32.txt,LCT2-CPSAT,4,6,16,16,600.0,2,12.5,4,25.0,5,592.77,8735.0,,true,solver_status:optimal
CV_h6s4n33.txt,LCT2-CPSAT,4,6,16,16,600.0,0,0.0,2,12.5,5,540.69,12777.8,,true,solver_status:optimal
CV_h6s4n34.txt,LCT2-CPSAT,4,6,16,16,600.0,1,6.2,3,18.8,5,583.61,12494.0,,true,solver_status:optimal
CV_h6s4n35.txt,LCT2-CPSAT,4,6,16,16,600.0,0,0.0,1,6.2,5,570.91,13866.2,,true,solver_status:optimal
CV_h6s4n36.txt,LCT2-CPSAT,4,6,16,16,600.0,0,0.0,3,18.8,4,467.49,10763.9,,true,solver_status:optimal
CV_h6s4n37.txt,LCT2-CPSAT,4,6,16,16,600.0,1,6.2,7,43.8,5,576.16,12249.3,,true,solver_status:optimal
CV_h6s4n38.txt,LCT2-CPSAT,4,6,16,16,600.0,0,0.0,3,18.8,5,577.21,10604.3,,true,solver_status:optimal
CV_h6s4n39.txt,LCT2-CPSAT,4,6,16,16,600.0,1,6.2,2,12.5,5,596.78,11627.8,,true,solver_status:optimal
CV_h6s4n4.txt,LCT2-CPSAT,4,6,16,16,600.0,1,6.2,3,18.8,5,595.45,17332.2,,true,solver_status:optimal
CV_h6s4n40.txt,LCT2-CPSAT,4,6,16,16,600.0,0,0.0,2,12.5,5,580.08,8103.7,,true,solver_status:optimal
CV_h6s4n5.txt,LCT2-CPSAT,4,6,16,16,600.0,0,0.0,2,12.5,5,595.07,14949.4,,true,solver_status:optimal
CV_h6s4n6.txt,LCT2-CPSAT,4,6,16,16,600.0,1,6.2,8,50.0,5,549.32,19022.8,,true,solver_status:optimal
CV_h6s4n7.txt,LCT2-CPSAT,4,6,16,16,600.0,0,0.0,3,18.8,5,576.21,9659.1,,true,solver_status:optimal
CV_h6s4n8.txt,LCT2-CPSAT,4,6,16,16,600.0,1,6.2,3,18.8,5,554.33,9295.6,,true,solver_status:optimal
CV_h6s4n9.txt,LCT2-CPSAT,4,6,16,16,600.0,0,0.0,5,31.2,5,579.60,16212.0,,true,solver_status:optimal
CV_h6s5n1.txt,LCT2-CPSAT,5,6,20,20,600.0,0,0.0,3,15.0,5,580.22,72423.5,,true,solver_status:optimal
CV_h6s5n10.txt,LCT2-CPSAT,5,6,20,20,600.0,0,0.0,4,20.0,5,566.27,40857.3,,true,solver_status:optimal
CV_h6s5n11.txt,LCT2-CPSAT,5,6,20,20,600.0,1,5.0,8,40.0,5,598.34,120771.9,,true,solver_status:optimal
CV_h6s5n12.txt,LCT2-CPSAT,5,6,20,20,600.0,0,0.0,5,25.0,5,594.48,22345.9,,true,solver_status:optimal
CV_h6s5n13.txt,LCT2-CPSAT,5,6,20,20,600.0,1,5.0,4,20.0,5,589.97,51084.5,,true,solver_status:optimal
CV_h6s5n14.txt,LCT2-CPSAT,5,6,20,20,600.0,0,0.0,4,20.0,5,554.50,25704.6,,true,solver_status:optimal
CV_h6s5n15.txt,LCT2-CPSAT,5,6,20,20,600.0,0,0.0,4,20.0,5,593.53,29853.2,,true,solver_status:optimal
CV_h6s5n16.txt,LCT2-CPSAT,5,6,20,20,600.0,0,0.0,2,10.0,5,590.89,20116.2,,true,solver_status:optimal
CV_h6s5n17.txt,LCT2-CPSAT,5,6,20,20,600.0,1,5.0,2,10.0,5,570.53,58776.6,,true,solver_status:optimal
CV_h6s5n18.txt,LCT2-CPSAT,5,6,20,20,600.0,0,0.0,4,20.0,5,588.35,29932.1,,true,solver_status:optimal
CV_h6s5n19.txt,LCT2-CPSAT,5,6,20,20,600.0,0,0.0,3,15.0,5,591.22,32234.4,,true,solver_status:optimal
CV_h6s5n2.txt,LCT2-CPSAT,5,6,20,20,600.0,0,0.0,4,20.0,5,587.65,38055.4,,true,solver_status:optimal
CV_h6s5n20.txt,LCT2-CPSAT,5,6,20,20,600.0,0,0.0,1,5.0,5,568.10,46091.6,,true,solver_status:optimal
CV_h6s5n21.txt,LCT2-CPSAT,5,6,20,20,600.0,0,0.0,3,15.0,4,459.10,45222.5,,true,solver_status:optimal
CV_h6s5n22.txt,LCT2-CPSAT,5,6,20,20,600.0,0,0.0,4,20.0,5,585.62,25878.8,,true,solver_status:optimal
CV_h6s5n23.txt,LCT2-CPSAT,5,6,20,20,600.0,0,0.0,2,10.0,5,574.45,104646.7,,true,solver_status:optimal
CV_h6s5n24.txt,LCT2-CPSAT,5,6,20,20,600.0,1,5.0,2,10.0,5,598.88,50584.2,,true,solver_status:optimal
CV_h6s5n25.txt,LCT2-CPSAT,5,6,20,20,600.0,0,0.0,4,20.0,5,576.90,31606.5,,true,solver_status:optimal
CV_h6s5n26.txt,LCT2-CPSAT,5,6,20,20,600.0,0,0.0,3,15.0,5,592.26,22617.0,,true,solver_status:optimal
CV_h6s5n27.txt,LCT2-CPSAT,5,6,20,20,600.0,0,0.0,6,30.0,5,515.44,125068.5,,true,solver_status:optimal
CV_h6s5n28.txt,LCT2-CPSAT,5,6,20,20,600.0,0,0.0,4,20.0,5,549.31,130851.0,,true,solver_status:optimal
CV_h6s5n29.txt,LCT2-CPSAT,5,6,20,20,600.0,0,0.0,4,20.0,5,550.05,18024.6,,true,solver_status:optimal
CV_h6s5n3.txt,LCT2-CPSAT,5,6,20,20,600.0,1,5.0,5,25.0,5,598.73,19157.9,,true,solver_status:optimal
CV_h6s5n30.txt,LCT2-CPSAT,5,6,20,20,600.0,0,0.0,3,15.0,5,588.83,12485.0,,true,solver_status:optimal
CV_h6s5n31.txt,LCT2-CPSAT,5,6,20,20,600.0,0,0.0,1,5.0,3,359.47,34701.3,,true,solver_status:optimal
CV_h6s5n32.txt,LCT2-CPSAT,5,6,20,20,600.0,3,15.0,7,35.0,5,556.58,245515.2,,true,solver_status:optimal
CV_h6s5n33.txt,LCT2-CPSAT,5,6,20,20,600.0,1,5.0,5,25.0,5,595.59,19644.2,,true,solver_status:optimal
CV_h6s5n34.txt,LCT2-CPSAT,5,6,20,20,600.0,0,0.0,3,15.0,5,597.10,20336.4,,true,solver_status:optimal
CV_h6s5n35.txt,LCT2-CPSAT,5,6,20,20,600.0,0,0.0,2,10.0,5,573.08,59777.7,,true,solver_status:optimal
CV_h6s5n36.txt,LCT2-CPSAT,5,6,20,20,600.0,0,0.0,5,25.0,5,592.70,61768.8,,true,solver_status:optimal
CV_h6s5n37.txt,LCT2-CPSAT,5,6,20,20,600.0,0,0.0,2,10.0,5,582.05,27513.0,,true,solver_status:optimal
CV_h6s5n38.txt,LCT2-CPSAT,5,6,20,20,600.0,1,5.0,3,15.0,5,592.86,77052.0,,true,solver_status:optimal
CV_h6s5n39.txt,LCT2-CPSAT,5,6,20,20,600.0,0,0.0,6,30.0,5,599.76,18478.3,,true,solver_status:optimal
CV_h6s5n4.txt,LCT2-CPSAT,5,6,20,20,600.0,0,0.0,9,45.0,5,590.42,45030.5,,true,solver_status:optimal
CV_h6s5n40.txt,LCT2-CPSAT,5,6,20,20,600.0,1,5.0,3,15.0,5,544.88,90636.0,,true,solver_status:optimal
CV_h6s5n5.txt,LCT2-CPSAT,5,6,20,20,600.0,0,0.0,2,10.0,5,595.30,15705.2,,true,solver_status:optimal
CV_h6s5n6.txt,LCT2-CPSAT,5,6,20,20,600.0,0,0.0,3,15.0,5,553.76,20493.0,,true,solver_status:optimal
CV_h6s5n7.txt,LCT2-CPSAT,5,6,20,20,600.0,0,0.0,5,25.0,5,588.56,22215.5,,true,solver_status:optimal
CV_h6s5n8.txt,LCT2-CPSAT,5,6,20,20,600.0,0,0.0,5,25.0,5,593.47,18758.5,,true,solver_status:optimal
CV_h6s5n9.txt,LCT2-CPSAT,5,6,20,20,600.0,1,5.0,5,25.0,5,558.03,16832.2,,true,solver_status:optimal
CV_h5s3n1.txt,LCT2-CPSAT,3,5,9,9,900.0,1,11.1,4,44.4,8,884.62,11391.0,,true,solver_status:optimal
CV_h5s3n10.txt,LCT2-CPSAT,3,5,9,9,900.0,0,0.0,5,55.6,8,864.11,13709.3,,true,solver_status:optimal
CV_h5s3n11.txt,LCT2-CPSAT,3,5,9,9,900.0,2,22.2,9,100.0,7,792.89,5114.8,,true,solver_status:optimal
CV_h5s3n12.txt,LCT2-CPSAT,3,5,9,9,900.0,0,0.0,7,77.8,7,796.58,7880.0,,true,solver_status:optimal
CV_h5s3n13.txt,LCT2-CPSAT,3,5,9,9,900.0,0,0.0,3,33.3,6,678.79,9886.5,,true,solver_status:optimal
CV_h5s3n14.txt,LCT2-CPSAT,3,5,9,9,900.0,0,0.0,5,55.6,8,887.10,7411.3,,true,solver_status:optimal
CV_h5s3n15.txt,LCT2-CPSAT,3,5,9,9,900.0,0,0.0,4,44.4,8,891.23,17099.8,,true,solver_status:optimal
CV_h5s3n16.txt,LCT2-CPSAT,3,5,9,9,900.0,0,0.0,4,44.4,8,867.12,8467.9,,true,solver_status:optimal
CV_h5s3n17.txt,LCT2-CPSAT,3,5,9,9,900.0,2,22.2,3,33.3,8,887.67,12814.5,,true,solver_status:optimal
CV_h5s3n18.txt,LCT2-CPSAT,3,5,9,9,900.0,0,0.0,9,100.0,7,791.66,3534.2,,true,solver_status:optimal
CV_h5s3n19.txt,LCT2-CPSAT,3,5,9,9,900.0,0,0.0,4,44.4,8,884.62,8923.5,,true,solver_status:optimal
CV_h5s3n2.txt,LCT2-CPSAT,3,5,9,9,900.0,0,0.0,6,66.7,8,887.10,9278.9,,true,solver_status:optimal
CV_h5s3n20.txt,LCT2-CPSAT,3,5,9,9,900.0,0,0.0,5,55.6,8,884.62,6627.7,,true,solver_status:optimal
CV_h5s3n21.txt,LCT2-CPSAT,3,5,9,9,900.0,1,11.1,3,33.3,7,802.82,5367.3,,true,solver_status:optimal
CV_h5s3n22.txt,LCT2-CPSAT,3,5,9,9,900.0,2,22.2,4,44.4,7,768.26,11332.1,,true,solver_status:optimal
CV_h5s3n23.txt,LCT2-CPSAT,3,5,9,9,900.0,0,0.0,4,44.4,8,899.95,8571.4,,true,solver_status:optimal
CV_h5s3n24.txt,LCT2-CPSAT,3,5,9,9,900.0,1,11.1,4,44.4,8,868.39,5966.4,,true,solver_status:optimal
CV_h5s3n25.txt,LCT2-CPSAT,3,5,9,9,900.0,0,0.0,4,44.4,7,801.40,9602.2,,true,solver_status:optimal
CV_h5s3n26.txt,LCT2-CPSAT,3,5,9,9,900.0,0,0.0,9,100.0,8,872.22,3475.0,,true,solver_status:optimal
CV_h5s3n27.txt,LCT2-CPSAT,3,5,9,9,900.0,0,0.0,9,100.0,8,866.97,7161.2,,true,solver_status:optimal
CV_h5s3n28.txt,LCT2-CPSAT,3,5,9,9,900.0,0,0.0,4,44.4,8,868.20,9807.2,,true,solver_status:optimal
CV_h5s3n29.txt,LCT2-CPSAT,3,5,9,9,900.0,0,0.0,5,55.6,7,864.32,6031.0,,true,solver_status:optimal
CV_h5s3n3.txt,LCT2-CPSAT,3,5,9,9,900.0,0,0.0,9,100.0,8,886.31,3103.7,,true,solver_status:optimal
CV_h5s3n30.txt,LCT2-CPSAT,3,5,9,9,900.0,0,0.0,5,55.6,6,678.79,8320.2,,true,solver_status:optimal
CV_h5s3n31.txt,LCT2-CPSAT,3,5,9,9,900.0,0,0.0,9,100.0,8,880.83,4093.7,,true,solver_status:optimal
CV_h5s3n32.txt,LCT2-CPSAT,3,5,9,9,900.0,1,11.1,9,100.0,8,887.77,3222.6,,true,solver_status:optimal
CV_h5s3n33.txt,LCT2-CPSAT,3,5,9,9,900.0,1,11.1,9,100.0,7,791.66,3262.9,,true,solver_status:optimal
CV_h5s3n34.txt,LCT2-CPSAT,3,5,9,9,900.0,0,0.0,3,33.3,7,801.40,8522.2,,true,solver_status:optimal
CV_h5s3n35.txt,LCT2-CPSAT,3,5,9,9,900.0,0,0.0,5,55.6,8,860.43,10792.6,,true,solver_status:optimal
CV_h5s3n36.txt,LCT2-CPSAT,3,5,9,9,900.0,0,0.0,3,33.3,7,850.60,8075.7,,true,solver_status:optimal
CV_h5s3n37.txt,LCT2-CPSAT,3,5,9,9,900.0,0,0.0,5,55.6,8,899.95,9544.1,,true,solver_status:optimal
CV_h5s3n38.txt,LCT2-CPSAT,3,5,9,9,900.0,0,0.0,6,66.7,7,796.58,5705.3,,true,solver_status:optimal
CV_h5s3n39.txt,LCT2-CPSAT,3,5,9,9,900.0,9,100.0,9,100.0,8,863.13,3923.3,,true,solver_status:optimal
CV_h5s3n4.txt,LCT2-CPSAT,3,5,9,9,900.0,1,11.1,9,100.0,8,895.54,5156.2,,true,solver_status:optimal
CV_h5s3n40.txt,LCT2-CPSAT,3,5,9,9,900.0,1,11.1,5,55.6,8,897.35,9353.3,,true,solver_status:optimal
CV_h5s3n5.txt,LCT2-CPSAT,3,5,9,9,900.0,4,44.4,9,100.0,8,870.90,3838.1,,true,solver_status:optimal
CV_h5s3n6.txt,LCT2-CPSAT,3,5,9,9,900.0,0,0.0,7,77.8,7,841.31,6894.7,,true,solver_status:optimal
CV_h5s3n7.txt,LCT2-CPSAT,3,5,9,9,900.0,0,0.0,9,100.0,8,886.31,9005.5,,true,solver_status:optimal
CV_h5s3n8.txt,LCT2-CPSAT,3,5,9,9,900.0,1,11.1,9,100.0,8,850.06,3573.4,,true,solver_status:optimal
CV_h5s3n9.txt,LCT2-CPSAT,3,5,9,9,900.0,0,0.0,3,33.3,7,876.48,8034.9,,true,solver_status:optimal
CV_h5s4n1.txt,LCT2-CPSAT,4,5,12,12,900.0,2,16.7,6,50.0,8,896.66,3153488.4,,true,solver_status:optimal
CV_h5s4n10.txt,LCT2-CPSAT,4,5,12,12,900.0,0,0.0,3,25.0,7,839.04,679971.5,,true,solver_status:optimal
CV_h5s4n11.txt,LCT2-CPSAT,4,5,12,12,900.0,1,8.3,5,41.7,7,829.02,133789.8,,true,solver_status:optimal
CV_h5s4n12.txt,LCT2-CPSAT,4,5,12,12,900.0,1,8.3,10,83.3,8,892.29,596454.4,,true,solver_status:optimal
CV_h5s4n13.txt,LCT2-CPSAT,4,5,12,12,900.0,1,8.3,12,100.0,8,888.59,7935.8,,true,solver_status:optimal
CV_h5s4n14.txt,LCT2-CPSAT,4,5,12,12,900.0,0,0.0,5,41.7,7,837.51,3597485.8,,false,solver_status:feasible
CV_h5s4n15.txt,LCT2-CPSAT,4,5,12,12,900.0,0,0.0,8,66.7,8,895.01,239283.7,,true,solver_status:optimal
CV_h5s4n16.txt,LCT2-CPSAT,4,5,12,12,900.0,0,0.0,3,25.0,6,668.33,679165.4,,true,solver_status:optimal
CV_h5s4n17.txt,LCT2-CPSAT,4,5,12,12,900.0,0,0.0,12,100.0,8,890.01,10803.0,,true,solver_status:optimal
CV_h5s4n18.txt,LCT2-CPSAT,4,5,12,12,900.0,0,0.0,6,50.0,7,855.37,1396155.2,,true,solver_status:optimal
CV_h5s4n19.txt,LCT2-CPSAT,4,5,12,12,900.0,0,0.0,7,58.3,7,855.74,454921.9,,true,solver_status:optimal
CV_h5s4n2.txt,LCT2-CPSAT,4,5,12,12,900.0,0,0.0,12,100.0,7,842.93,18263.8,,true,solver_status:optimal
CV_h5s4n20.txt,LCT2-CPSAT,4,5,12,12,900.0,0,0.0,9,75.0,8,897.21,1259936.6,,true,solver_status:optimal
CV_h5s4n21.txt,LCT2-CPSAT,4,5,12,12,900.0,1,8.3,6,50.0,7,864.51,1933038.9,,true,solver_status:optimal
CV_h5s4n22.txt,LCT2-CPSAT,4,5,12,12,900.0,0,0.0,6,50.0,8,892.36,1118285.7,,true,solver_status:optimal
CV_h5s4n23.txt,LCT2-CPSAT,4,5,12,12,900.0,3,25.0,12,100.0,8,897.35,95773.6,,true,solver_status:optimal
CV_h5s4n24.txt,LCT2-CPSAT,4,5,12,12,900.0,0,0.0,5,41.7,8,898.41,3596573.7,,false,solver_status:feasible
CV_h5s4n25.txt,LCT2-CPSAT,4,5,12,12,900.0,0,0.0,6,50.0,8,884.40,1225437.8,,true,solver_status:optimal
CV_h5s4n26.txt,LCT2-CPSAT,4,5,12,12,900.0,1,8.3,10,83.3,8,893.73,3597080.2,,false,solver_status:feasible
CV_h5s4n27.txt,LCT2-CPSAT,4,5,12,12,900.0,4,33.3,12,100.0,8,898.27,5709.4,,true,solver_status:optimal
CV_h5s4n28.txt,LCT2-CPSAT,4,5,12,12,900.0,0,0.0,4,33.3,8,892.17,943085.7,,true,solver_status:optimal
CV_h5s4n29.txt,LCT2-CPSAT,4,5,12,12,900.0,0,0.0,4,33.3,7,839.98,993319.0,,true,solver_status:optimal
CV_h5s4n3.txt,LCT2-CPSAT,4,5,12,12,900.0,1,8.3,6,50.0,7,855.73,1199046.8,,true,solver_status:optimal
CV_h5s4n30.txt,LCT2-CPSAT,4,5,12,12,900.0,0,0.0,6,50.0,8,891.84,3297598.4,,true,solver_status:optimal
CV_h5s4n31.txt,LCT2-CPSAT,4,5,12,12,900.0,0,0.0,12,100.0,8,898.08,325670.0,,true,solver_status:optimal
CV_h5s4n32.txt,LCT2-CPSAT,4,5,12,12,900.0,0,0.0,2,16.7,7,872.14,1601672.9,,true,solver_status:optimal
CV_h5s4n33.txt,LCT2-CPSAT,4,5,12,12,900.0,0,0.0,4,33.3,7,882.04,85959.1,,true,solver_status:optimal
CV_h5s4n34.txt,LCT2-CPSAT,4,5,12,12,900.0,0,0.0,6,50.0,8,870.36,1438839.6,,true,solver_status:optimal
CV_h5s4n35.txt,LCT2-CPSAT,4,5,12,12,900.0,1,8.3,8,66.7,7,821.04,1499423.8,,true,solver_status:optimal
CV_h5s4n36.txt,LCT2-CPSAT,4,5,12,12,900.0,0,0.0,4,33.3,7,797.89,880921.9,,true,solver_status:optimal
CV_h5s4n37.txt,LCT2-CPSAT,4,5,12,12,900.0,3,25.0,7,58.3,8,888.78,1054974.7,,true,solver_status:optimal
CV_h5s4n38.txt,LCT2-CPSAT,4,5,12,12,900.0,2,16.7,12,100.0,8,896.43,16212.4,,true,solver_status:optimal
CV_h5s4n39.txt,LCT2-CPSAT,4,5,12,12,900.0,0,0.0,12,100.0,7,830.27,803675.9,,true,solver_status:optimal
CV_h5s4n4.txt,LCT2-CPSAT,4,5,12,12,900.0,0,0.0,12,100.0,7,863.19,23617.8,,true,solver_status:optimal
CV_h5s4n40.txt,LCT2-CPSAT,4,5,12,12,900.0,0,0.0,12,100.0,8,896.01,353092.2,,true,solver_status:optimal
CV_h5s4n5.txt,LCT2-CPSAT,4,5,12,12,900.0,1,8.3,7,58.3,6,734.03,198609.1,,true,solver_status:optimal
CV_h5s4n6.txt,LCT2-CPSAT,4,5,12,12,900.0,0,0.0,5,41.7,7,831.02,108070.8,,true,solver_status:optimal
CV_h5s4n7.txt,LCT2-CPSAT,4,5,12,12,900.0,0,0.0,3,25.0,6,747.94,466288.0,,true,solver_status:optimal
CV_h5s4n8.txt,LCT2-CPSAT,4,5,12,12,900.0,2,16.7,8,66.7,8,865.49,257687.0,,true,solver_status:optimal
CV_h5s4n9.txt,LCT2-CPSAT,4,5,12,12,900.0,0,0.0,12,100.0,8,887.29,22223.6,,true,solver_status:optimal
CV_h5s5n1.txt,LCT2-CPSAT,5,5,15,15,900.0,1,6.7,7,46.7,8,876.68,3597923.0,,false,solver_status:feasible
CV_h5s5n10.txt,LCT2-CPSAT,5,5,15,15,900.0,3,20.0,13,86.7,7,829.84,3597767.6,,false,solver_status:feasible
CV_h5s5n11.txt,LCT2-CPSAT,5,5,15,15,900.0,0,0.0,4,26.7,7,888.24,3596870.2,,false,solver_status:feasible
CV_h5s5n12.txt,LCT2-CPSAT,5,5,15,15,900.0,0,0.0,8,53.3,8,887.46,3598050.0,,false,solver_status:feasible
CV_h5s5n13.txt,LCT2-CPSAT,5,5,15,15,900.0,0,0.0,5,33.3,7,816.06,3596825.0,,false,solver_status:feasible
CV_h5s5n14.txt,LCT2-CPSAT,5,5,15,15,900.0,0,0.0,13,86.7,7,780.73,3596719.6,,false,solver_status:feasible
CV_h5s5n15.txt,LCT2-CPSAT,5,5,15,15,900.0,0,0.0,7,46.7,8,899.35,3596604.1,,false,solver_status:feasible
CV_h5s5n16.txt,LCT2-CPSAT,5,5,15,15,900.0,0,0.0,6,40.0,7,812.80,3599147.7,,false,solver_status:feasible
CV_h5s5n17.txt,LCT2-CPSAT,5,5,15,15,900.0,0,0.0,11,73.3,8,808.29,3596574.2,,false,solver_status:feasible
CV_h5s5n18.txt,LCT2-CPSAT,5,5,15,15,900.0,1,6.7,10,66.7,8,844.81,3596654.9,,false,solver_status:feasible
CV_h5s5n19.txt,LCT2-CPSAT,5,5,15,15,900.0,1,6.7,8,53.3,7,842.37,3596672.8,,false,solver_status:feasible
CV_h5s5n2.txt,LCT2-CPSAT,5,5,15,15,900.0,0,0.0,5,33.3,8,876.64,3596657.5,,false,solver_status:feasible
CV_h5s5n20.txt,LCT2-CPSAT,5,5,15,15,900.0,0,0.0,8,53.3,8,883.35,3596607.1,,false,solver_status:feasible
CV_h5s5n21.txt,LCT2-CPSAT,5,5,15,15,900.0,0,0.0,7,46.7,8,838.65,3596671.8,,false,solver_status:feasible
CV_h5s5n22.txt,LCT2-CPSAT,5,5,15,15,900.0,1,6.7,5,33.3,8,894.54,3596847.6,,false,solver_status:feasible
CV_h5s5n23.txt,LCT2-CPSAT,5,5,15,15,900.0,1,6.7,6,40.0,8,899.07,3596722.2,,false,solver_status:feasible
CV_h5s5n24.txt,LCT2-CPSAT,5,5,15,15,900.0,0,0.0,4,26.7,8,895.72,3596612.1,,false,solver_status:feasible
CV_h5s5n25.txt,LCT2-CPSAT,5,5,15,15,900.0,2,13.3,11,73.3,8,835.47,3596711.3,,false,solver_status:feasible
CV_h5s5n26.txt,LCT2-CPSAT,5,5,15,15,900.0,0,0.0,5,33.3,8,879.17,3597646.5,,false,solver_status:feasible
CV_h5s5n27.txt,LCT2-CPSAT,5,5,15,15,900.0,0,0.0,11,73.3,8,885.98,3465736.8,,true,solver_status:optimal
CV_h5s5n28.txt,LCT2-CPSAT,5,5,15,15,900.0,0,0.0,9,60.0,8,897.47,3596834.4,,false,solver_status:feasible
CV_h5s5n29.txt,LCT2-CPSAT,5,5,15,15,900.0,0,0.0,4,26.7,7,853.41,3596646.3,,false,solver_status:feasible
CV_h5s5n3.txt,LCT2-CPSAT,5,5,15,15,900.0,0,0.0,6,40.0,8,888.97,3596624.2,,false,solver_status:feasible
CV_h5s5n30.txt,LCT2-CPSAT,5,5,15,15,900.0,0,0.0,10,66.7,8,885.01,3597639.3,,false,solver_status:feasible
CV_h5s5n31.txt,LCT2-CPSAT,5,5,15,15,900.0,1,6.7,6,40.0,8,867.28,3596788.5,,false,solver_status:feasible
CV_h5s5n32.txt,LCT2-CPSAT,5,5,15,15,900.0,0,0.0,5,33.3,7,788.46,3596823.9,,false,solver_status:feasible
CV_h5s5n33.txt,LCT2-CPSAT,5,5,15,15,900.0,1,6.7,10,66.7,8,845.74,3596920.1,,false,solver_status:feasible
CV_h5s5n34.txt,LCT2-CPSAT,5,5,15,15,900.0,0,0.0,6,40.0,7,880.43,3596761.6,,false,solver_status:feasible
CV_h5s5n35.txt,LCT2-CPSAT,5,5,15,15,900.0,1,6.7,8,53.3,6,700.87,3597316.6,,false,solver_status:feasible
CV_h5s5n36.txt,LCT2-CPSAT,5,5,15,15,900.0,1,6.7,9,60.0,8,895.17,3596657.8,,false,solver_status:feasible
CV_h5s5n37.txt,LCT2-CPSAT,5,5,15,15,900.0,0,0.0,4,26.7,7,880.35,875956.0,,true,solver_status:optimal
CV_h5s5n38.txt,LCT2-CPSAT,5,5,15,15,900.0,0,0.0,15,100.0,7,796.63,12414.4,,true,solver_status:optimal
CV_h5s5n39.txt,LCT2-CPSAT,5,5,15,15,900.0,0,0.0,9,60.0,8,898.48,3596653.7,,false,solver_status:feasible
CV_h5s5n4.txt,LCT2-CPSAT,5,5,15,15,900.0,0,0.0,15,100.0,7,814.91,94687.3,,true,solver_status:optimal
CV_h5s5n40.txt,LCT2-CPSAT,5,5,15,15,900.0,2,13.3,9,60.0,8,886.95,3597193.0,,false,solver_status:feasible
CV_h5s5n5.txt,LCT2-CPSAT,5,5,15,15,900.0,0,0.0,5,33.3,7,877.43,3597612.8,,false,solver_status:feasible
CV_h5s5n6.txt,LCT2-CPSAT,5,5,15,15,900.0,0,0.0,7,46.7,7,883.50,2104860.6,,true,solver_status:optimal
CV_h5s5n7.txt,LCT2-CPSAT,5,5,15,15,900.0,0,0.0,15,100.0,8,898.68,1982999.5,,true,solver_status:optimal
CV_h5s5n8.txt,LCT2-CPSAT,5,5,15,15,900.0,0,0.0,7,46.7,7,876.96,3597247.7,,false,solver_status:feasible
CV_h5s5n9.txt,LCT2-CPSAT,5,5,15,15,900.0,0,0.0,5,33.3,8,859.33,3596727.5,,false,solver_status:feasible
CV_h5s6n1.txt,LCT2-CPSAT,6,5,18,18,900.0,0,0.0,4,22.2,8,895.50,3596775.2,,false,solver_status:feasible
CV_h5s6n10.txt,LCT2-CPSAT,6,5,18,18,900.0,1,5.6,12,66.7,7,871.16,3596788.3,,false,solver_status:feasible
CV_h5s6n11.txt,LCT2-CPSAT,6,5,18,18,900.0,3,16.7,18,100.0,7,799.83,32206.2,,true,solver_status:optimal
CV_h5s6n12.txt,LCT2-CPSAT,6,5,18,18,900.0,0,0.0,6,33.3,7,876.12,3599592.2,,false,solver_status:feasible
CV_h5s6n13.txt,LCT2-CPSAT,6,5,18,18,900.0,0,0.0,10,55.6,7,827.87,3598080.6,,false,solver_status:feasible
CV_h5s6n14.txt,LCT2-CPSAT,6,5,18,18,900.0,0,0.0,5,27.8,8,893.10,3597916.6,,false,solver_status:feasible
CV_h5s6n15.txt,LCT2-CPSAT,6,5,18,18,900.0,0,0.0,4,22.2,7,886.21,3596791.5,,false,solver_status:feasible
CV_h5s6n16.txt,LCT2-CPSAT,6,5,18,18,900.0,0,0.0,4,22.2,8,882.91,3596923.1,,false,solver_status:feasible
CV_h5s6n17.txt,LCT2-CPSAT,6,5,18,18,900.0,0,0.0,7,38.9,7,885.99,3599211.1,,false,solver_status:feasible
CV_h5s6n18.txt,LCT2-CPSAT,6,5,18,18,900.0,2,11.1,16,88.9,7,829.71,3596964.1,,false,solver_status:feasible
CV_h5s6n19.txt,LCT2-CPSAT,6,5,18,18,900.0,0,0.0,5,27.8,7,885.31,3597113.6,,false,solver_status:feasible
CV_h5s6n2.txt,LCT2-CPSAT,6,5,18,18,900.0,0,0.0,15,83.3,8,893.79,3597851.4,,false,solver_status:feasible
CV_h5s6n20.txt,LCT2-CPSAT,6,5,18,18,900.0,0,0.0,10,55.6,8,899.78,3596828.1,,false,solver_status:feasible
CV_h5s6n21.txt,LCT2-CPSAT,6,5,18,18,900.0,1,5.6,6,33.3,7,881.09,3597432.2,,false,solver_status:feasible
CV_h5s6n22.txt,LCT2-CPSAT,6,5,18,18,900.0,0,0.0,3,16.7,8,899.43,3596830.5,,false,solver_status:feasible
CV_h5s6n23.txt,LCT2-CPSAT,6,5,18,18,900.0,0,0.0,4,22.2,8,896.72,3596765.4,,false,solver_status:feasible
CV_h5s6n24.txt,LCT2-CPSAT,6,5,18,18,900.0,0,0.0,6,33.3,7,845.77,3596782.0,,false,solver_status:feasible
CV_h5s6n25.txt,LCT2-CPSAT,6,5,18,18,900.0,1,5.6,13,72.2,7,852.66,3597401.9,,false,solver_status:feasible
CV_h5s6n26.txt,LCT2-CPSAT,6,5,18,18,900.0,0,0.0,3,16.7,8,888.33,3596977.5,,false,solver_status:feasible
CV_h5s6n27.txt,LCT2-CPSAT,6,5,18,18,900.0,1,5.6,5,27.8,8,885.22,3597081.5,,false,solver_status:feasible
CV_h5s6n28.txt,LCT2-CPSAT,6,5,18,18,900.0,2,11.1,13,72.2,8,889.63,3596889.0,,false,solver_status:feasible
CV_h5s6n29.txt,LCT2-CPSAT,6,5,18,18,900.0,0,0.0,7,38.9,7,847.84,3596772.1,,false,solver_status:feasible
CV_h5s6n3.txt,LCT2-CPSAT,6,5,18,18,900.0,0,0.0,6,33.3,8,892.63,3597513.4,,false,solver_status:feasible
CV_h5s6n30.txt,LCT2-CPSAT,6,5,18,18,900.0,4,22.2,8,44.4,7,839.70,3596752.7,,false,solver_status:feasible
CV_h5s6n31.txt,LCT2-CPSAT,6,5,18,18,900.0,0,0.0,7,38.9,8,895.47,3597850.8,,false,solver_status:feasible
CV_h5s6n32.txt,LCT2-CPSAT,6,5,18,18,900.0,0,0.0,7,38.9,7,819.06,3596800.8,,false,solver_status:feasible
CV_h5s6n33.txt,LCT2-CPSAT,6,5,18,18,900.0,1,5.6,5,27.8,8,874.75,3597207.2,,false,solver_status:feasible
CV_h5s6n34.txt,LCT2-CPSAT,6,5,18,18,900.0,0,0.0,9,50.0,8,888.10,3597341.7,,false,solver_status:feasible
CV_h5s6n35.txt,LCT2-CPSAT,6,5,18,18,900.0,1,5.6,13,72.2,7,821.02,3596843.3,,false,solver_status:feasible
CV_h5s6n36.txt,LCT2-CPSAT,6,5,18,18,900.0,2,11.1,6,33.3,7,837.01,3596849.4,,false,solver_status:feasible
CV_h5s6n37.txt,LCT2-CPSAT,6,5,18,18,900.0,0,0.0,5,27.8,7,877.26,3597894.9,,false,solver_status:feasible
CV_h5s6n38.txt,LCT2-CPSAT,6,5,18,18,900.0,0,0.0,10,55.6,7,793.37,3596801.4,,false,solver_status:feasible
CV_h5s6n39.txt,LCT2-CPSAT,6,5,18,18,900.0,0,0.0,7,38.9,8,896.16,3596823.9,,false,solver_status:feasible
CV_h5s6n4.txt,LCT2-CPSAT,6,5,18,18,900.0,0,0.0,8,44.4,8,885.07,3596776.0,,false,solver_status:feasible
CV_h5s6n40.txt,LCT2-CPSAT,6,5,18,18,900.0,1,5.6,7,38.9,8,894.09,3598278.5,,false,solver_status:feasible
CV_h5s6n5.txt,LCT2-CPSAT,6,5,18,18,900.0,0,0.0,11,61.1,8,899.86,3598303.2,,false,solver_status:feasible
CV_h5s6n6.txt,LCT2-CPSAT,6,5,18,18,900.0,0,0.0,7,38.9,7,866.07,3597515.4,,false,solver_status:feasible
CV_h5s6n7.txt,LCT2-CPSAT,6,5,18,18,900.0,0,0.0,7,38.9,7,846.85,3598070.2,,false,solver_status:feasible
CV_h5s6n8.txt,LCT2-CPSAT,6,5,18,18,900.0,1,5.6,5,27.8,8,886.05,3596882.1,,false,solver_status:feasible
CV_h5s6n9.txt,LCT2-CPSAT,6,5,18,18,900.0,0,0.0,5,27.8,7,852.62,3596798.6,,false,solver_status:feasible
CV_h5s7n1.txt,LCT2-CPSAT,7,5,21,21,900.0,0,0.0,12,57.1,7,841.05,3596988.0,,false,solver_status:feasible
CV_h5s7n10.txt,LCT2-CPSAT,7,5,21,21,900.0,0,0.0,12,57.1,7,811.52,3597089.0,,false,solver_status:feasible
CV_h5s7n11.txt,LCT2-CPSAT,7,5,21,21,900.0,0,0.0,9,42.9,7,819.66,3596883.1,,false,solver_status:feasible
CV_h5s7n12.txt,LCT2-CPSAT,7,5,21,21,900.0,1,4.8,11,52.4,8,892.08,3596842.2,,false,solver_status:feasible
CV_h5s7n13.txt,LCT2-CPSAT,7,5,21,21,900.0,0,0.0,9,42.9,8,897.80,3597584.9,,false,solver_status:feasible
CV_h5s7n14.txt,LCT2-CPSAT,7,5,21,21,900.0,0,0.0,7,33.3,8,898.50,3597603.4,,false,solver_status:feasible
CV_h5s7n15.txt,LCT2-CPSAT,7,5,21,21,900.0,0,0.0,12,57.1,7,847.69,3597980.6,,false,solver_status:feasible
CV_h5s7n16.txt,LCT2-CPSAT,7,5,21,21,900.0,3,14.3,6,28.6,7,820.45,3597050.5,,false,solver_status:feasible
CV_h5s7n17.txt,LCT2-CPSAT,7,5,21,21,900.0,1,4.8,11,52.4,8,884.40,3596888.4,,false,solver_status:feasible
CV_h5s7n18.txt,LCT2-CPSAT,7,5,21,21,900.0,5,23.8,11,52.4,8,898.36,3597080.7,,false,solver_status:feasible
CV_h5s7n19.txt,LCT2-CPSAT,7,5,21,21,900.0,0,0.0,5,23.8,8,886.27,3597214.4,,false,solver_status:feasible
CV_h5s7n2.txt,LCT2-CPSAT,7,5,21,21,900.0,0,0.0,8,38.1,7,866.25,3597016.2,,false,solver_status:feasible
CV_h5s7n20.txt,LCT2-CPSAT,7,5,21,21,900.0,0,0.0,15,71.4,8,849.98,3597108.9,,false,solver_status:feasible
CV_h5s7n21.txt,LCT2-CPSAT,7,5,21,21,900.0,0,0.0,6,28.6,7,797.49,3597112.4,,false,solver_status:feasible
CV_h5s7n22.txt,LCT2-CPSAT,7,5,21,21,900.0,0,0.0,6,28.6,7,836.40,3597422.7,,false,solver_status:feasible
CV_h5s7n23.txt,LCT2-CPSAT,7,5,21,21,900.0,0,0.0,10,47.6,8,896.87,3597111.7,,false,solver_status:feasible
CV_h5s7n24.txt,LCT2-CPSAT,7,5,21,21,900.0,1,4.8,8,38.1,7,876.78,3597088.4,,false,solver_status:feasible
CV_h5s7n25.txt,LCT2-CPSAT,7,5,21,21,900.0,1,4.8,9,42.9,7,824.44,3596917.0,,false,solver_status:feasible
CV_h5s7n26.txt,LCT2-CPSAT,7,5,21,21,900.0,0,0.0,6,28.6,7,841.66,3597046.5,,false,solver_status:feasible
CV_h5s7n27.txt,LCT2-CPSAT,7,5,21,21,900.0,0,0.0,5,23.8,8,881.51,3597003.6,,false,solver_status:feasible
CV_h5s7n28.txt,LCT2-CPSAT,7,5,21,21,900.0,2,9.5,10,47.6,7,821.95,3597035.3,,false,solver_status:feasible
CV_h5s7n29.txt,LCT2-CPSAT,7,5,21,21,900.0,1,4.8,5,23.8,7,859.75,3596995.6,,false,solver_status:feasible
CV_h5s7n3.txt,LCT2-CPSAT,7,5,21,21,900.0,3,14.3,8,38.1,8,891.20,3597079.7,,false,solver_status:feasible
CV_h5s7n30.txt,LCT2-CPSAT,7,5,21,21,900.0,2,9.5,7,33.3,8,888.18,3597398.5,,false,solver_status:feasible
CV_h5s7n31.txt,LCT2-CPSAT,7,5,21,21,900.0,0,0.0,5,23.8,7,796.32,3597415.3,,false,solver_status:feasible
CV_h5s7n32.txt,LCT2-CPSAT,7,5,21,21,900.0,1,4.8,6,28.6,7,825.64,3597115.7,,false,solver_status:feasible
CV_h5s7n33.txt,LCT2-CPSAT,7,5,21,21,900.0,0,0.0,5,23.8,7,877.84,3597570.6,,false,solver_status:feasible
CV_h5s7n34.txt,LCT2-CPSAT,7,5,21,21,900.0,0,0.0,6,28.6,8,866.45,3597071.9,,false,solver_status:feasible
CV_h5s7n35.txt,LCT2-CPSAT,7,5,21,21,900.0,0,0.0,5,23.8,7,845.87,3596829.4,,false,solver_status:feasible
CV_h5s7n36.txt,LCT2-CPSAT,7,5,21,21,900.0,0,0.0,8,38.1,7,879.61,3597028.9,,false,solver_status:feasible
CV_h5s7n37.txt,LCT2-CPSAT,7,5,21,21,900.0,0,0.0,15,71.4,8,864.29,3597014.8,,false,solver_status:feasible
CV_h5s7n38.txt,LCT2-CPSAT,7,5,21,21,900.0,1,4.8,4,19.0,7,845.09,3597557.7,,false,solver_status:feasible
CV_h5s7n39.txt,LCT2-CPSAT,7,5,21,21,900.0,0,0.0,13,61.9,7,826.68,3599071.4,,false,solver_status:feasible
CV_h5s7n4.txt,LCT2-CPSAT,7,5,21,21,900.0,0,0.0,11,52.4,7,856.91,3596991.3,,false,solver_status:feasible
CV_h5s7n40.txt,LCT2-CPSAT,7,5,21,21,900.0,0,0.0,9,42.9,8,892.08,3597070.0,,false,solver_status:feasible
CV_h5s7n5.txt,LCT2-CPSAT,7,5,21,21,900.0,0,0.0,4,19.0,8,860.84,3597230.1,,false,solver_status:feasible
CV_h5s7n6.txt,LCT2-CPSAT,7,5,21,21,900.0,1,4.8,7,33.3,7,866.04,3597221.8,,false,solver_status:feasible
CV_h5s7n7.txt,LCT2-CPSAT,7,5,21,21,900.0,0,0.0,4,19.0,8,887.67,3597110.8,,false,solver_status:feasible
CV_h5s7n8.txt,LCT2-CPSAT,7,5,21,21,900.0,0,0.0,10,47.6,8,882.63,3596978.8,,false,solver_status:feasible
CV_h5s7n9.txt,LCT2-CPSAT,7,5,21,21,900.0,0,0.0,5,23.8,7,825.39,3597939.2,,false,solver_status:feasible
CV_h5s8n1.txt,LCT2-CPSAT,8,5,24,24,900.0,0,0.0,8,33.3,7,833.90,3597080.7,,false,solver_status:feasible
CV_h5s8n10.txt,LCT2-CPSAT,8,5,24,24,900.0,0,0.0,7,29.2,8,884.64,3597641.5,,false,solver_status:feasible
CV_h5s8n11.txt,LCT2-CPSAT,8,5,24,24,900.0,1,4.2,9,37.5,7,767.01,3597035.3,,false,solver_status:feasible
CV_h5s8n12.txt,LCT2-CPSAT,8,5,24,24,900.0,0,0.0,8,33.3,7,850.29,3597122.6,,false,solver_status:feasible
CV_h5s8n13.txt,LCT2-CPSAT,8,5,24,24,900.0,0,0.0,10,41.7,7,866.83,3597186.9,,false,solver_status:feasible
CV_h5s8n14.txt,LCT2-CPSAT,8,5,24,24,900.0,0,0.0,6,25.0,8,898.53,3597108.9,,false,solver_status:feasible
CV_h5s8n15.txt,LCT2-CPSAT,8,5,24,24,900.0,0,0.0,10,41.7,8,873.83,3597561.8,,false,solver_status:feasible
CV_h5s8n16.txt,LCT2-CPSAT,8,5,24,24,900.0,1,4.2,13,54.2,8,899.19,3597034.8,,false,solver_status:feasible
CV_h5s8n17.txt,LCT2-CPSAT,8,5,24,24,900.0,1,4.2,11,45.8,8,897.95,3597072.0,,false,solver_status:feasible
CV_h5s8n18.txt,LCT2-CPSAT,8,5,24,24,900.0,0,0.0,8,33.3,8,898.29,3597011.5,,false,solver_status:feasible
CV_h5s8n19.txt,LCT2-CPSAT,8,5,24,24,900.0,0,0.0,9,37.5,8,897.03,3597465.0,,false,solver_status:feasible
CV_h5s8n2.txt,LCT2-CPSAT,8,5,24,24,900.0,0,0.0,8,33.3,8,892.56,3597116.3,,false,solver_status:feasible
CV_h5s8n20.txt,LCT2-CPSAT,8,5,24,24,900.0,0,0.0,8,33.3,7,856.33,3598105.5,,false,solver_status:feasible
CV_h5s8n21.txt,LCT2-CPSAT,8,5,24,24,900.0,0,0.0,10,41.7,7,872.91,3597067.3,,false,solver_status:feasible
CV_h5s8n22.txt,LCT2-CPSAT,8,5,24,24,900.0,0,0.0,8,33.3,7,837.86,3597616.8,,false,solver_status:feasible
CV_h5s8n23.txt,LCT2-CPSAT,8,5,24,24,900.0,0,0.0,9,37.5,8,896.18,3597282.6,,false,solver_status:feasible
CV_h5s8n25.txt,LCT2-CPSAT,8,5,24,24,900.0,1,4.2,10,41.7,7,819.37,3597523.3,,false,solver_status:feasible
CV_h5s8n26.txt,LCT2-CPSAT,8,5,24,24,900.0,0,0.0,4,16.7,8,897.33,3596996.0,,false,solver_status:feasible
CV_h5s8n27.txt,LCT2-CPSAT,8,5,24,24,900.0,0,0.0,9,37.5,7,834.88,3597419.7,,false,solver_status:feasible
CV_h5s8n28.txt,LCT2-CPSAT,8,5,24,24,900.0,0,0.0,10,41.7,7,846.76,3597097.6,,false,solver_status:feasible
CV_h5s8n29.txt,LCT2-CPSAT,8,5,24,24,900.0,0,0.0,6,25.0,7,818.37,3597060.7,,false,solver_status:feasible
CV_h5s8n3.txt,LCT2-CPSAT,8,5,24,24,900.0,0,0.0,10,41.7,8,886.40,3597060.6,,false,solver_status:feasible
CV_h5s8n30.txt,LCT2-CPSAT,8,5,24,24,900.0,0,0.0,8,33.3,7,836.79,3597246.5,,false,solver_status:feasible
CV_h5s8n31.txt,LCT2-CPSAT,8,5,24,24,900.0,0,0.0,4,16.7,8,896.75,3598812.4,,false,solver_status:feasible
CV_h5s8n32.txt,LCT2-CPSAT,8,5,24,24,900.0,0,0.0,4,16.7,7,795.45,3597235.4,,false,solver_status:feasible
CV_h5s8n33.txt,LCT2-CPSAT,8,5,24,24,900.0,0,0.0,6,25.0,8,881.48,3597248.8,,false,solver_status:feasible
CV_h5s8n34.txt,LCT2-CPSAT,8,5,24,24,900.0,0,0.0,4,16.7,7,891.36,3597062.6,,false,solver_status:feasible
CV_h5s8n35.txt,LCT2-CPSAT,8,5,24,24,900.0,0,0.0,7,29.2,7,826.37,3597292.7,,false,solver_status:feasible
CV_h5s8n36.txt,LCT2-CPSAT,8,5,24,24,900.0,0,0.0,5,20.8,8,898.28,3597975.4,,false,solver_status:feasible
CV_h5s8n37.txt,LCT2-CPSAT,8,5,24,24,900.0,0,0.0,13,54.2,7,891.93,3597199.4,,false,solver_status:feasible
CV_h5s8n38.txt,LCT2-CPSAT,8,5,24,24,900.0,0,0.0,7,29.2,8,899.85,3597345.7,,false,solver_status:feasible
CV_h5s8n39.txt,LCT2-CPSAT,8,5,24,24,900.0,0,0.0,6,25.0,8,890.78,3596987.5,,false,solver_status:feasible
CV_h5s8n4.txt,LCT2-CPSAT,8,5,24,24,900.0,1,4.2,8,33.3,7,849.51,3596982.8,,false,solver_status:feasible
CV_h5s8n40.txt,LCT2-CPSAT,8,5,24,24,900.0,1,4.2,8,33.3,7,852.27,3597149.0,,false,solver_status:feasible
CV_h5s8n5.txt,LCT2-CPSAT,8,5,24,24,900.0,0,0.0,7,29.2,6,723.90,3597038.9,,false,solver_status:feasible
CV_h5s8n6.txt,LCT2-CPSAT,8,5,24,24,900.0,0,0.0,7,29.2,8,892.99,3597024.9,,false,solver_status:feasible
CV_h5s8n7.txt,LCT2-CPSAT,8,5,24,24,900.0,0,0.0,6,25.0,8,895.95,3597038.7,,false,solver_status:feasible
CV_h5s8n8.txt,LCT2-CPSAT,8,5,24,24,900.0,2,8.3,8,33.3,7,831.02,3597406.8,,false,solver_status:feasible
CV_h5s8n9.txt,LCT2-CPSAT,8,5,24,24,900.0,0,0.0,7,29.2,8,894.40,3597005.7,,false,solver_status:feasible
CV_h6s4n1.txt,LCT2-CPSAT,4,6,16,16,900.0,0,0.0,4,25.0,7,858.00,155364.3,,true,solver_status:optimal
CV_h6s4n10.txt,LCT2-CPSAT,4,6,16,16,900.0,0,0.0,6,37.5,8,899.89,925264.3,,true,solver_status:optimal
CV_h6s4n11.txt,LCT2-CPSAT,4,6,16,16,900.0,0,0.0,3,18.8,6,719.78,58892.4,,true,solver_status:optimal
CV_h6s4n12.txt,LCT2-CPSAT,4,6,16,16,900.0,3,18.8,5,31.2,8,884.93,97204.8,,true,solver_status:optimal
CV_h6s4n13.txt,LCT2-CPSAT,4,6,16,16,900.0,0,0.0,6,37.5,7,890.00,2756169.5,,true,solver_status:optimal
CV_h6s4n14.txt,LCT2-CPSAT,4,6,16,16,900.0,0,0.0,2,12.5,7,810.12,983378.1,,true,solver_status:optimal
CV_h6s4n15.txt,LCT2-CPSAT,4,6,16,16,900.0,1,6.2,10,62.5,7,815.03,2235961.7,,true,solver_status:optimal
CV_h6s4n16.txt,LCT2-CPSAT,4,6,16,16,900.0,0,0.0,2,12.5,7,877.24,147950.5,,true,solver_status:optimal
CV_h6s4n17.txt,LCT2-CPSAT,4,6,16,16,900.0,0,0.0,4,25.0,7,827.75,72511.7,,true,solver_status:optimal
CV_h6s4n18.txt,LCT2-CPSAT,4,6,16,16,900.0,0,0.0,1,6.2,8,894.35,196073.1,,true,solver_status:optimal
CV_h6s4n19.txt,LCT2-CPSAT,4,6,16,16,900.0,0,0.0,3,18.8,7,864.96,391794.8,,true,solver_status:optimal
CV_h6s4n2.txt,LCT2-CPSAT,4,6,16,16,900.0,0,0.0,9,56.2,8,898.40,222685.3,,true,solver_status:optimal
CV_h6s4n20.txt,LCT2-CPSAT,4,6,16,16,900.0,0,0.0,6,37.5,7,796.78,1991816.8,,true,solver_status:optimal
CV_h6s4n21.txt,LCT2-CPSAT,4,6,16,16,900.0,0,0.0,2,12.5,8,883.96,165209.8,,true,solver_status:optimal
CV_h6s4n22.txt,LCT2-CPSAT,4,6,16,16,900.0,0,0.0,5,31.2,8,895.85,193823.9,,true,solver_status:optimal
CV_h6s4n23.txt,LCT2-CPSAT,4,6,16,16,900.0,0,0.0,6,37.5,7,828.79,134382.8,,true,solver_status:optimal
CV_h6s4n24.txt,LCT2-CPSAT,4,6,16,16,900.0,0,0.0,6,37.5,7,815.04,117252.8,,true,solver_status:optimal
CV_h6s4n25.txt,LCT2-CPSAT,4,6,16,16,900.0,1,6.2,5,31.2,8,880.38,303876.1,,true,solver_status:optimal
CV_h6s4n26.txt,LCT2-CPSAT,4,6,16,16,900.0,0,0.0,5,31.2,8,867.23,102694.6,,true,solver_status:optimal
CV_h6s4n27.txt,LCT2-CPSAT,4,6,16,16,900.0,0,0.0,5,31.2,8,898.96,45838.9,,true,solver_status:optimal
CV_h6s4n28.txt,LCT2-CPSAT,4,6,16,16,900.0,0,0.0,3,18.8,8,871.42,3596561.8,,false,solver_status:feasible
CV_h6s4n29.txt,LCT2-CPSAT,4,6,16,16,900.0,0,0.0,6,37.5,7,834.05,58041.0,,true,solver_status:optimal
CV_h6s4n3.txt,LCT2-CPSAT,4,6,16,16,900.0,2,12.5,5,31.2,7,872.08,775367.7,,true,solver_status:optimal
CV_h6s4n30.txt,LCT2-CPSAT,4,6,16,16,900.0,0,0.0,4,25.0,7,850.03,760916.5,,true,solver_status:optimal
CV_h6s4n31.txt,LCT2-CPSAT,4,6,16,16,900.0,1,6.2,4,25.0,7,835.87,254025.7,,true,solver_status:optimal
CV_h6s4n32.txt,LCT2-CPSAT,4,6,16,16,900.0,2,12.5,4,25.0,8,896.35,137703.2,,true,solver_status:optimal
CV_h6s4n33.txt,LCT2-CPSAT,4,6,16,16,900.0,0,0.0,4,25.0,7,857.53,724810.3,,true,solver_status:optimal
CV_h6s4n34.txt,LCT2-CPSAT,4,6,16,16,900.0,1,6.2,4,25.0,7,861.84,87923.1,,true,solver_status:optimal
CV_h6s4n35.txt,LCT2-CPSAT,4,6,16,16,900.0,0,0.0,1,6.2,7,863.10,211637.3,,true,solver_status:optimal
CV_h6s4n36.txt,LCT2-CPSAT,4,6,16,16,900.0,0,0.0,4,25.0,7,854.17,532173.1,,true,solver_status:optimal
CV_h6s4n37.txt,LCT2-CPSAT,4,6,16,16,900.0,1,6.2,7,43.8,8,877.88,433015.2,,true,solver_status:optimal
CV_h6s4n38.txt,LCT2-CPSAT,4,6,16,16,900.0,0,0.0,3,18.8,8,898.61,34397.6,,true,solver_status:optimal
CV_h6s4n39.txt,LCT2-CPSAT,4,6,16,16,900.0,1,6.2,3,18.8,7,789.43,45400.1,,true,solver_status:optimal
CV_h6s4n4.txt,LCT2-CPSAT,4,6,16,16,900.0,1,6.2,9,56.2,7,860.80,251456.1,,true,solver_status:optimal
CV_h6s4n40.txt,LCT2-CPSAT,4,6,16,16,900.0,0,0.0,2,12.5,8,875.83,790814.8,,true,solver_status:optimal
CV_h6s4n5.txt,LCT2-CPSAT,4,6,16,16,900.0,0,0.0,8,50.0,8,899.81,341446.8,,true,solver_status:optimal
CV_h6s4n6.txt,LCT2-CPSAT,4,6,16,16,900.0,1,6.2,11,68.8,8,899.40,555312.7,,true,solver_status:optimal
CV_h6s4n7.txt,LCT2-CPSAT,4,6,16,16,900.0,0,0.0,4,25.0,7,870.58,571934.4,,true,solver_status:optimal
CV_h6s4n8.txt,LCT2-CPSAT,4,6,16,16,900.0,1,6.2,3,18.8,8,840.49,150503.2,,true,solver_status:optimal
CV_h6s4n9.txt,LCT2-CPSAT,4,6,16,16,900.0,0,0.0,16,100.0,7,868.75,12768.8,,true,solver_status:optimal
CV_h6s5n1.txt,LCT2-CPSAT,5,6,20,20,900.0,0,0.0,4,20.0,8,886.71,3596751.9,,false,solver_status:feasible
CV_h6s5n10.txt,LCT2-CPSAT,5,6,20,20,900.0,0,0.0,6,30.0,7,829.29,140372.0,,true,solver_status:optimal
CV_h6s5n11.txt,LCT2-CPSAT,5,6,20,20,900.0,1,5.0,10,50.0,8,892.35,678367.0,,true,solver_status:optimal
CV_h6s5n12.txt,LCT2-CPSAT,5,6,20,20,900.0,0,0.0,5,25.0,7,867.43,3597583.2,,false,solver_status:feasible
CV_h6s5n13.txt,LCT2-CPSAT,5,6,20,20,900.0,1,5.0,9,45.0,7,883.03,617529.6,,true,solver_status:optimal
CV_h6s5n14.txt,LCT2-CPSAT,5,6,20,20,900.0,0,0.0,5,25.0,7,853.61,2118286.3,,true,solver_status:optimal
CV_h6s5n15.txt,LCT2-CPSAT,5,6,20,20,900.0,0,0.0,5,25.0,7,870.36,134958.5,,true,solver_status:optimal
CV_h6s5n16.txt,LCT2-CPSAT,5,6,20,20,900.0,0,0.0,4,20.0,7,882.78,819777.6,,true,solver_status:optimal
CV_h6s5n17.txt,LCT2-CPSAT,5,6,20,20,900.0,1,5.0,4,20.0,8,892.48,914690.9,,true,solver_status:optimal
CV_h6s5n18.txt,LCT2-CPSAT,5,6,20,20,900.0,0,0.0,4,20.0,7,884.67,3596844.4,,false,solver_status:feasible
CV_h6s5n19.txt,LCT2-CPSAT,5,6,20,20,900.0,0,0.0,5,25.0,7,851.16,1720337.7,,true,solver_status:optimal
CV_h6s5n2.txt,LCT2-CPSAT,5,6,20,20,900.0,0,0.0,6,30.0,7,882.83,3596725.2,,false,solver_status:feasible
CV_h6s5n20.txt,LCT2-CPSAT,5,6,20,20,900.0,0,0.0,7,35.0,8,892.88,3596812.0,,false,solver_status:feasible
CV_h6s5n21.txt,LCT2-CPSAT,5,6,20,20,900.0,0,0.0,4,20.0,7,813.79,175216.1,,true,solver_status:optimal
CV_h6s5n22.txt,LCT2-CPSAT,5,6,20,20,900.0,0,0.0,5,25.0,8,895.42,254855.2,,true,solver_status:optimal
CV_h6s5n23.txt,LCT2-CPSAT,5,6,20,20,900.0,0,0.0,6,30.0,7,864.77,420619.8,,true,solver_status:optimal
CV_h6s5n24.txt,LCT2-CPSAT,5,6,20,20,900.0,1,5.0,3,15.0,8,861.73,346178.2,,true,solver_status:optimal
CV_h6s5n25.txt,LCT2-CPSAT,5,6,20,20,900.0,0,0.0,9,45.0,7,835.99,3596741.9,,false,solver_status:feasible
CV_h6s5n26.txt,LCT2-CPSAT,5,6,20,20,900.0,0,0.0,3,15.0,5,588.21,3596778.8,,false,solver_status:feasible
CV_h6s5n27.txt,LCT2-CPSAT,5,6,20,20,900.0,0,0.0,8,40.0,7,787.62,3596769.9,,false,solver_status:feasible
CV_h6s5n28.txt,LCT2-CPSAT,5,6,20,20,900.0,0,0.0,7,35.0,7,870.90,3597845.6,,false,solver_status:feasible
CV_h6s5n29.txt,LCT2-CPSAT,5,6,20,20,900.0,0,0.0,4,20.0,7,792.10,3598094.0,,false,solver_status:feasible
CV_h6s5n3.txt,LCT2-CPSAT,5,6,20,20,900.0,1,5.0,5,25.0,8,868.72,3596790.5,,false,solver_status:feasible
CV_h6s5n30.txt,LCT2-CPSAT,5,6,20,20,900.0,0,0.0,3,15.0,7,842.35,582676.7,,true,solver_status:optimal
CV_h6s5n31.txt,LCT2-CPSAT,5,6,20,20,900.0,0,0.0,2,10.0,7,876.05,3596822.8,,false,solver_status:feasible
CV_h6s5n32.txt,LCT2-CPSAT,5,6,20,20,900.0,3,15.0,8,40.0,7,849.39,3596783.1,,false,solver_status:feasible
CV_h6s5n33.txt,LCT2-CPSAT,5,6,20,20,900.0,1,5.0,5,25.0,7,858.33,1244168.7,,true,solver_status:optimal
CV_h6s5n34.txt,LCT2-CPSAT,5,6,20,20,900.0,0,0.0,3,15.0,7,898.48,3596762.8,,false,solver_status:feasible
CV_h6s5n35.txt,LCT2-CPSAT,5,6,20,20,900.0,0,0.0,4,20.0,7,817.61,3342964.9,,true,solver_status:optimal
CV_h6s5n36.txt,LCT2-CPSAT,5,6,20,20,900.0,0,0.0,6,30.0,7,887.44,952190.5,,true,solver_status:optimal
CV_h6s5n37.txt,LCT2-CPSAT,5,6,20,20,900.0,0,0.0,2,10.0,7,885.15,697756.6,,true,solver_status:optimal
CV_h6s5n38.txt,LCT2-CPSAT,5,6,20,20,900.0,1,5.0,4,20.0,8,899.52,3596766.8,,false,solver_status:feasible
CV_h6s5n39.txt,LCT2-CPSAT,5,6,20,20,900.0,0,0.0,6,30.0,7,837.68,3597073.3,,false,solver_status:feasible
CV_h6s5n4.txt,LCT2-CPSAT,5,6,20,20,900.0,0,0.0,9,45.0,8,899.37,491676.3,,true,solver_status:optimal
CV_h6s5n40.txt,LCT2-CPSAT,5,6,20,20,900.0,1,5.0,4,20.0,8,899.02,3596789.9,,false,solver_status:feasible
CV_h6s5n5.txt,LCT2-CPSAT,5,6,20,20,900.0,0,0.0,2,10.0,6,788.48,3596824.8,,false,solver_status:feasible
CV_h6s5n6.txt,LCT2-CPSAT,5,6,20,20,900.0,0,0.0,4,20.0,7,845.03,86474.3,,true,solver_status:optimal
CV_h6s5n7.txt,LCT2-CPSAT,5,6,20,20,900.0,0,0.0,6,30.0,7,878.25,3597890.8,,false,solver_status:feasible
CV_h6s5n8.txt,LCT2-CPSAT,5,6,20,20,900.0,0,0.0,5,25.0,8,871.16,1162168.4,,true,solver_status:optimal
CV_h6s5n9.txt,LCT2-CPSAT,5,6,20,20,900.0,1,5.0,5,25.0,8,876.98,3596780.8,,false,solver_status:feasible
CV_h5s3n1.txt,LCT2-CPSAT,3,5,9,9,1200.0,1,11.1,7,77.8,10,1138.61,46892.1,,true,solver_status:optimal
CV_h5s3n10.txt,LCT2-CPSAT,3,5,9,9,1200.0,0,0.0,7,77.8,10,1131.76,53851.3,,true,solver_status:optimal
CV_h5s3n11.txt,LCT2-CPSAT,3,5,9,9,1200.0,2,22.2,9,100.0,10,1087.28,13791.6,,true,solver_status:optimal
CV_h5s3n12.txt,LCT2-CPSAT,3,5,9,9,1200.0,0,0.0,9,100.0,10,1116.70,18899.3,,true,solver_status:optimal
CV_h5s3n13.txt,LCT2-CPSAT,3,5,9,9,1200.0,0,0.0,6,66.7,10,1142.09,95656.1,,true,solver_status:optimal
CV_h5s3n14.txt,LCT2-CPSAT,3,5,9,9,1200.0,0,0.0,6,66.7,10,1140.92,64093.0,,true,solver_status:optimal
CV_h5s3n15.txt,LCT2-CPSAT,3,5,9,9,1200.0,0,0.0,9,100.0,9,981.98,12120.6,,true,solver_status:optimal
CV_h5s3n16.txt,LCT2-CPSAT,3,5,9,9,1200.0,0,0.0,9,100.0,10,1142.88,14115.4,,true,solver_status:optimal
CV_h5s3n17.txt,LCT2-CPSAT,3,5,9,9,1200.0,2,22.2,9,100.0,10,1159.00,13379.9,,true,solver_status:optimal
CV_h5s3n18.txt,LCT2-CPSAT,3,5,9,9,1200.0,0,0.0,9,100.0,10,1142.61,14398.8,,true,solver_status:optimal
CV_h5s3n19.txt,LCT2-CPSAT,3,5,9,9,1200.0,0,0.0,6,66.7,10,1113.17,45321.4,,true,solver_status:optimal
CV_h5s3n2.txt,LCT2-CPSAT,3,5,9,9,1200.0,0,0.0,9,100.0,10,1080.61,14115.7,,true,solver_status:optimal
CV_h5s3n20.txt,LCT2-CPSAT,3,5,9,9,1200.0,0,0.0,5,55.6,10,1076.97,77735.3,,true,solver_status:optimal
CV_h5s3n21.txt,LCT2-CPSAT,3,5,9,9,1200.0,1,11.1,4,44.4,10,1152.46,63794.3,,true,solver_status:optimal
CV_h5s3n22.txt,LCT2-CPSAT,3,5,9,9,1200.0,2,22.2,6,66.7,10,1141.46,190977.4,,true,solver_status:optimal
CV_h5s3n23.txt,LCT2-CPSAT,3,5,9,9,1200.0,0,0.0,9,100.0,8,917.90,13807.7,,true,solver_status:optimal
CV_h5s3n24.txt,LCT2-CPSAT,3,5,9,9,1200.0,1,11.1,4,44.4,11,1194.74,111095.5,,true,solver_status:optimal
CV_h5s3n25.txt,LCT2-CPSAT,3,5,9,9,1200.0,0,0.0,9,100.0,10,1192.09,13838.7,,true,solver_status:optimal
CV_h5s3n26.txt,LCT2-CPSAT,3,5,9,9,1200.0,0,0.0,9,100.0,11,1187.80,12499.4,,true,solver_status:optimal
CV_h5s3n27.txt,LCT2-CPSAT,3,5,9,9,1200.0,0,0.0,9,100.0,11,1197.04,16924.9,,true,solver_status:optimal
CV_h5s3n28.txt,LCT2-CPSAT,3,5,9,9,1200.0,0,0.0,7,77.8,10,1141.46,85082.9,,true,solver_status:optimal
CV_h5s3n29.txt,LCT2-CPSAT,3,5,9,9,1200.0,0,0.0,7,77.8,10,1166.85,41820.3,,true,solver_status:optimal
CV_h5s3n3.txt,LCT2-CPSAT,3,5,9,9,1200.0,0,0.0,9,100.0,11,1195.98,11326.4,,true,solver_status:optimal
CV_h5s3n30.txt,LCT2-CPSAT,3,5,9,9,1200.0,0,0.0,9,100.0,10,1121.62,14318.3,,true,solver_status:optimal
CV_h5s3n31.txt,LCT2-CPSAT,3,5,9,9,1200.0,0,0.0,9,100.0,11,1177.83,13978.2,,true,solver_status:optimal
CV_h5s3n32.txt,LCT2-CPSAT,3,5,9,9,1200.0,1,11.1,9,100.0,9,983.21,11748.3,,true,solver_status:optimal
CV_h5s3n33.txt,LCT2-CPSAT,3,5,9,9,1200.0,1,11.1,9,100.0,10,1149.42,11564.7,,true,solver_status:optimal
CV_h5s3n34.txt,LCT2-CPSAT,3,5,9,9,1200.0,0,0.0,7,77.8,11,1195.92,71323.5,,true,solver_status:optimal
CV_h5s3n35.txt,LCT2-CPSAT,3,5,9,9,1200.0,0,0.0,9,100.0,10,1118.06,11093.2,,true,solver_status:optimal
CV_h5s3n36.txt,LCT2-CPSAT,3,5,9,9,1200.0,0,0.0,9,100.0,9,1003.76,15978.1,,true,solver_status:optimal
CV_h5s3n37.txt,LCT2-CPSAT,3,5,9,9,1200.0,0,0.0,9,100.0,8,919.32,11132.0,,true,solver_status:optimal
CV_h5s3n38.txt,LCT2-CPSAT,3,5,9,9,1200.0,0,0.0,9,100.0,10,1199.04,14999.2,,true,solver_status:optimal
CV_h5s3n39.txt,LCT2-CPSAT,3,5,9,9,1200.0,9,100.0,9,100.0,0,0.00,8335.2,,true,solver_status:optimal
CV_h5s3n4.txt,LCT2-CPSAT,3,5,9,9,1200.0,1,11.1,9,100.0,10,1154.59,9833.9,,true,solver_status:optimal
CV_h5s3n40.txt,LCT2-CPSAT,3,5,9,9,1200.0,1,11.1,9,100.0,10,1149.71,11463.6,,true,solver_status:optimal
CV_h5s3n5.txt,LCT2-CPSAT,3,5,9,9,1200.0,4,44.4,9,100.0,10,1082.39,9713.6,,true,solver_status:optimal
CV_h5s3n6.txt,LCT2-CPSAT,3,5,9,9,1200.0,0,0.0,9,100.0,11,1195.65,10579.4,,true,solver_status:optimal
CV_h5s3n7.txt,LCT2-CPSAT,3,5,9,9,1200.0,0,0.0,9,100.0,10,1157.95,10318.8,,true,solver_status:optimal
CV_h5s3n8.txt,LCT2-CPSAT,3,5,9,9,1200.0,1,11.1,9,100.0,10,1120.60,9386.3,,true,solver_status:optimal
CV_h5s3n9.txt,LCT2-CPSAT,3,5,9,9,1200.0,0,0.0,9,100.0,10,1170.75,13028.1,,true,solver_status:optimal
CV_h5s4n1.txt,LCT2-CPSAT,4,5,12,12,1200.0,2,16.7,12,100.0,10,1152.15,136721.7,,true,solver_status:optimal
CV_h5s4n10.txt,LCT2-CPSAT,4,5,12,12,1200.0,0,0.0,4,33.3,10,1142.95,3602429.8,,false,solver_status:feasible
CV_h5s4n12.txt,LCT2-CPSAT,4,5,12,12,1200.0,1,8.3,12,100.0,10,1128.04,158860.9,,true,solver_status:optimal
CV_h5s4n13.txt,LCT2-CPSAT,4,5,12,12,1200.0,1,8.3,12,100.0,9,1020.88,32877.7,,true,solver_status:optimal
CV_h5s4n14.txt,LCT2-CPSAT,4,5,12,12,1200.0,0,0.0,12,100.0,10,1151.27,45740.7,,true,solver_status:optimal
CV_h5s4n15.txt,LCT2-CPSAT,4,5,12,12,1200.0,0,0.0,12,100.0,10,1163.47,207963.4,,true,solver_status:optimal
CV_h5s4n17.txt,LCT2-CPSAT,4,5,12,12,1200.0,0,0.0,12,100.0,10,1155.71,17826.2,,true,solver_status:optimal
CV_h5s4n18.txt,LCT2-CPSAT,4,5,12,12,1200.0,0,0.0,12,100.0,10,1197.30,1027570.2,,true,solver_status:optimal
CV_h5s4n19.txt,LCT2-CPSAT,4,5,12,12,1200.0,0,0.0,12,100.0,10,1119.84,139984.5,,true,solver_status:optimal
CV_h5s4n2.txt,LCT2-CPSAT,4,5,12,12,1200.0,0,0.0,12,100.0,10,1141.06,23606.3,,true,solver_status:optimal
CV_h5s4n20.txt,LCT2-CPSAT,4,5,12,12,1200.0,0,0.0,12,100.0,10,1181.39,61220.3,,true,solver_status:optimal
CV_h5s4n21.txt,LCT2-CPSAT,4,5,12,12,1200.0,1,8.3,6,50.0,10,1179.23,3602123.6,,false,solver_status:feasible
CV_h5s4n23.txt,LCT2-CPSAT,4,5,12,12,1200.0,3,25.0,12,100.0,10,1156.31,24380.4,,true,solver_status:optimal
CV_h5s4n24.txt,LCT2-CPSAT,4,5,12,12,1200.0,0,0.0,7,58.3,10,1126.62,3602186.1,,false,solver_status:feasible
CV_h5s4n25.txt,LCT2-CPSAT,4,5,12,12,1200.0,0,0.0,12,100.0,10,1160.26,317909.8,,true,solver_status:optimal
CV_h5s4n26.txt,LCT2-CPSAT,4,5,12,12,1200.0,1,8.3,12,100.0,10,1135.55,26934.3,,true,solver_status:optimal
CV_h5s4n27.txt,LCT2-CPSAT,4,5,12,12,1200.0,4,33.3,12,100.0,10,1178.43,21519.5,,true,solver_status:optimal
CV_h5s4n28.txt,LCT2-CPSAT,4,5,12,12,1200.0,0,0.0,12,100.0,10,1144.95,1356163.8,,true,solver_status:optimal
CV_h5s4n29.txt,LCT2-CPSAT,4,5,12,12,1200.0,0,0.0,6,50.0,10,1172.92,3602548.7,,false,solver_status:feasible
CV_h5s4n3.txt,LCT2-CPSAT,4,5,12,12,1200.0,1,8.3,7,58.3,9,1133.44,3602324.5,,false,solver_status:feasible
CV_h5s4n30.txt,LCT2-CPSAT,4,5,12,12,1200.0,0,0.0,7,58.3,10,1155.30,3602446.2,,false,solver_status:feasible
CV_h5s4n31.txt,LCT2-CPSAT,4,5,12,12,1200.0,0,0.0,12,100.0,10,1157.29,401284.4,,true,solver_status:optimal
CV_h5s4n32.txt,LCT2-CPSAT,4,5,12,12,1200.0,0,0.0,12,100.0,10,1159.85,58325.5,,true,solver_status:optimal
CV_h5s4n33.txt,LCT2-CPSAT,4,5,12,12,1200.0,0,0.0,4,33.3,8,985.67,3602436.4,,false,solver_status:feasible
CV_h5s4n34.txt,LCT2-CPSAT,4,5,12,12,1200.0,0,0.0,12,100.0,10,1162.96,2731558.8,,true,solver_status:optimal
CV_h5s4n35.txt,LCT2-CPSAT,4,5,12,12,1200.0,1,8.3,12,100.0,10,1145.54,25664.2,,true,solver_status:optimal
CV_h5s4n36.txt,LCT2-CPSAT,4,5,12,12,1200.0,0,0.0,5,41.7,10,1190.56,3603115.1,,false,solver_status:feasible
CV_h5s4n37.txt,LCT2-CPSAT,4,5,12,12,1200.0,3,25.0,12,100.0,10,1190.72,27614.4,,true,solver_status:optimal
CV_h5s4n38.txt,LCT2-CPSAT,4,5,12,12,1200.0,2,16.7,12,100.0,10,1165.42,12513.0,,true,solver_status:optimal
CV_h5s4n39.txt,LCT2-CPSAT,4,5,12,12,1200.0,0,0.0,12,100.0,10,1114.27,65912.7,,true,solver_status:optimal
CV_h5s4n4.txt,LCT2-CPSAT,4,5,12,12,1200.0,0,0.0,12,100.0,10,1184.76,16747.4,,true,solver_status:optimal
CV_h5s4n40.txt,LCT2-CPSAT,4,5,12,12,1200.0,0,0.0,12,100.0,10,1125.16,670352.8,,true,solver_status:optimal
CV_h5s4n5.txt,LCT2-CPSAT,4,5,12,12,1200.0,1,8.3,7,58.3,10,1147.08,3602231.1,,false,solver_status:feasible
CV_h5s4n6.txt,LCT2-CPSAT,4,5,12,12,1200.0,0,0.0,5,41.7,7,821.73,3603262.1,,false,solver_status:feasible
CV_h5s4n7.txt,LCT2-CPSAT,4,5,12,12,1200.0,0,0.0,7,58.3,10,1193.41,3597266.4,,false,solver_status:feasible
CV_h5s4n8.txt,LCT2-CPSAT,4,5,12,12,1200.0,2,16.7,12,100.0,10,1164.36,29031.3,,true,solver_status:optimal
CV_h5s4n9.txt,LCT2-CPSAT,4,5,12,12,1200.0,0,0.0,12,100.0,10,1130.69,20004.1,,true,solver_status:optimal
CV_h5s5n1.txt,LCT2-CPSAT,5,5,15,15,1200.0,1,6.7,15,100.0,10,1161.02,294371.7,,true,solver_status:optimal
CV_h5s5n10.txt,LCT2-CPSAT,5,5,15,15,1200.0,3,20.0,13,86.7,10,1133.39,3597764.0,,false,solver_status:feasible
CV_h5s5n11.txt,LCT2-CPSAT,5,5,15,15,1200.0,0,0.0,6,40.0,10,1166.42,3596896.9,,false,solver_status:feasible
CV_h5s5n12.txt,LCT2-CPSAT,5,5,15,15,1200.0,0,0.0,12,80.0,10,1189.05,3596886.2,,false,solver_status:feasible
CV_h5s5n13.txt,LCT2-CPSAT,5,5,15,15,1200.0,0,0.0,6,40.0,10,1188.59,3597904.7,,false,solver_status:feasible
CV_h5s5n14.txt,LCT2-CPSAT,5,5,15,15,1200.0,0,0.0,15,100.0,10,1109.19,170788.8,,true,solver_status:optimal
CV_h5s5n15.txt,LCT2-CPSAT,5,5,15,15,1200.0,0,0.0,7,46.7,11,1191.77,3596807.6,,false,solver_status:feasible
CV_h5s5n16.txt,LCT2-CPSAT,5,5,15,15,1200.0,0,0.0,10,66.7,10,1186.89,3596770.6,,false,solver_status:feasible
CV_h5s5n17.txt,LCT2-CPSAT,5,5,15,15,1200.0,0,0.0,12,80.0,11,1196.91,3597691.5,,false,solver_status:feasible
CV_h5s5n18.txt,LCT2-CPSAT,5,5,15,15,1200.0,1,6.7,15,100.0,10,1195.85,124560.4,,true,solver_status:optimal
CV_h5s5n19.txt,LCT2-CPSAT,5,5,15,15,1200.0,1,6.7,8,53.3,10,1131.99,3596663.3,,false,solver_status:feasible
CV_h5s5n2.txt,LCT2-CPSAT,5,5,15,15,1200.0,0,0.0,7,46.7,9,1118.23,3596619.3,,false,solver_status:feasible
CV_h5s5n20.txt,LCT2-CPSAT,5,5,15,15,1200.0,0,0.0,11,73.3,10,1199.05,3596783.9,,false,solver_status:feasible
CV_h5s5n21.txt,LCT2-CPSAT,5,5,15,15,1200.0,0,0.0,15,100.0,10,1196.05,66937.9,,true,solver_status:optimal
CV_h5s5n22.txt,LCT2-CPSAT,5,5,15,15,1200.0,1,6.7,11,73.3,9,1088.40,3596769.4,,false,solver_status:feasible
CV_h5s5n23.txt,LCT2-CPSAT,5,5,15,15,1200.0,1,6.7,11,73.3,11,1198.60,3596751.8,,false,solver_status:feasible
CV_h5s5n24.txt,LCT2-CPSAT,5,5,15,15,1200.0,0,0.0,4,26.7,10,1194.96,3596581.9,,false,solver_status:feasible
CV_h5s5n25.txt,LCT2-CPSAT,5,5,15,15,1200.0,2,13.3,15,100.0,10,1159.43,717895.8,,true,solver_status:optimal
CV_h5s5n26.txt,LCT2-CPSAT,5,5,15,15,1200.0,0,0.0,7,46.7,9,1081.50,3596652.0,,false,solver_status:feasible
CV_h5s5n27.txt,LCT2-CPSAT,5,5,15,15,1200.0,0,0.0,11,73.3,11,1175.59,3598081.9,,false,solver_status:feasible
CV_h5s5n28.txt,LCT2-CPSAT,5,5,15,15,1200.0,0,0.0,9,60.0,11,1173.10,3596755.2,,false,solver_status:feasible
CV_h5s5n29.txt,LCT2-CPSAT,5,5,15,15,1200.0,0,0.0,10,66.7,10,1180.36,3596877.0,,false,solver_status:feasible
CV_h5s5n3.txt,LCT2-CPSAT,5,5,15,15,1200.0,0,0.0,13,86.7,10,1166.25,3596915.1,,false,solver_status:feasible
CV_h5s5n30.txt,LCT2-CPSAT,5,5,15,15,1200.0,0,0.0,15,100.0,11,1171.73,341149.1,,true,solver_status:optimal
CV_h5s5n31.txt,LCT2-CPSAT,5,5,15,15,1200.0,1,6.7,6,40.0,10,1101.25,3597209.1,,false,solver_status:feasible
CV_h5s5n32.txt,LCT2-CPSAT,5,5,15,15,1200.0,0,0.0,15,100.0,10,1199.85,160863.2,,true,solver_status:optimal
CV_h5s5n33.txt,LCT2-CPSAT,5,5,15,15,1200.0,1,6.7,11,73.3,10,1163.26,3596864.6,,false,solver_status:feasible
CV_h5s5n34.txt,LCT2-CPSAT,5,5,15,15,1200.0,0,0.0,15,100.0,10,1167.28,423698.3,,true,solver_status:optimal
CV_h5s5n35.txt,LCT2-CPSAT,5,5,15,15,1200.0,1,6.7,10,66.7,10,1152.26,3596887.7,,false,solver_status:feasible
CV_h5s5n36.txt,LCT2-CPSAT,5,5,15,15,1200.0,1,6.7,9,60.0,11,1194.00,3596924.3,,false,solver_status:feasible
CV_h5s5n37.txt,LCT2-CPSAT,5,5,15,15,1200.0,0,0.0,4,26.7,10,1188.23,3596881.5,,false,solver_status:feasible
CV_h5s5n38.txt,LCT2-CPSAT,5,5,15,15,1200.0,0,0.0,15,100.0,11,1195.63,16147.5,,true,solver_status:optimal
CV_h5s5n39.txt,LCT2-CPSAT,5,5,15,15,1200.0,0,0.0,15,100.0,10,1150.96,67753.0,,true,solver_status:optimal
CV_h5s5n4.txt,LCT2-CPSAT,5,5,15,15,1200.0,0,0.0,15,100.0,10,1170.62,123390.6,,true,solver_status:optimal
CV_h5s5n40.txt,LCT2-CPSAT,5,5,15,15,1200.0,2,13.3,15,100.0,10,1198.97,3334112.0,,true,solver_status:optimal
CV_h5s5n5.txt,LCT2-CPSAT,5,5,15,15,1200.0,0,0.0,5,33.3,10,1160.58,3597226.3,,false,solver_status:feasible
CV_h5s5n6.txt,LCT2-CPSAT,5,5,15,15,1200.0,0,0.0,7,46.7,10,1146.57,3597562.2,,false,solver_status:feasible
CV_h5s5n7.txt,LCT2-CPSAT,5,5,15,15,1200.0,0,0.0,15,100.0,10,1170.90,93350.3,,true,solver_status:optimal
CV_h5s5n8.txt,LCT2-CPSAT,5,5,15,15,1200.0,0,0.0,8,53.3,10,1167.21,3597311.3,,false,solver_status:feasible
CV_h5s5n9.txt,LCT2-CPSAT,5,5,15,15,1200.0,0,0.0,8,53.3,10,1135.51,3599657.9,,false,solver_status:feasible
CV_h5s6n1.txt,LCT2-CPSAT,6,5,18,18,1200.0,0,0.0,6,33.3,10,1199.45,3597719.2,,false,solver_status:feasible
CV_h5s6n10.txt,LCT2-CPSAT,6,5,18,18,1200.0,1,5.6,12,66.7,10,1151.97,3597578.3,,false,solver_status:feasible
CV_h5s6n11.txt,LCT2-CPSAT,6,5,18,18,1200.0,3,16.7,18,100.0,11,1178.10,26709.8,,true,solver_status:optimal
CV_h5s6n12.txt,LCT2-CPSAT,6,5,18,18,1200.0,0,0.0,6,33.3,10,1175.27,3596822.7,,false,solver_status:feasible
CV_h5s6n13.txt,LCT2-CPSAT,6,5,18,18,1200.0,0,0.0,12,66.7,10,1192.09,3598052.4,,false,solver_status:feasible
CV_h5s6n14.txt,LCT2-CPSAT,6,5,18,18,1200.0,0,0.0,12,66.7,10,1198.27,3597538.1,,false,solver_status:feasible
CV_h5s6n15.txt,LCT2-CPSAT,6,5,18,18,1200.0,0,0.0,6,33.3,10,1134.34,3597452.9,,false,solver_status:feasible
CV_h5s6n16.txt,LCT2-CPSAT,6,5,18,18,1200.0,0,0.0,9,50.0,10,1195.36,3597990.0,,false,solver_status:feasible
CV_h5s6n17.txt,LCT2-CPSAT,6,5,18,18,1200.0,0,0.0,7,38.9,9,1155.11,3596841.2,,false,solver_status:feasible
CV_h5s6n18.txt,LCT2-CPSAT,6,5,18,18,1200.0,2,11.1,16,88.9,11,1196.93,3597980.8,,false,solver_status:feasible
CV_h5s6n19.txt,LCT2-CPSAT,6,5,18,18,1200.0,0,0.0,5,27.8,10,1193.49,3597422.7,,false,solver_status:feasible
CV_h5s6n2.txt,LCT2-CPSAT,6,5,18,18,1200.0,0,0.0,15,83.3,10,1174.16,3597569.9,,false,solver_status:feasible
CV_h5s6n20.txt,LCT2-CPSAT,6,5,18,18,1200.0,0,0.0,10,55.6,10,1159.67,3597402.4,,false,solver_status:feasible
CV_h5s6n21.txt,LCT2-CPSAT,6,5,18,18,1200.0,1,5.6,8,44.4,10,1162.74,3596841.6,,false,solver_status:feasible
CV_h5s6n22.txt,LCT2-CPSAT,6,5,18,18,1200.0,0,0.0,4,22.2,10,1164.24,3596803.8,,false,solver_status:feasible
CV_h5s6n23.txt,LCT2-CPSAT,6,5,18,18,1200.0,0,0.0,7,38.9,9,1175.63,3597031.4,,false,solver_status:feasible
CV_h5s6n24.txt,LCT2-CPSAT,6,5,18,18,1200.0,0,0.0,6,33.3,10,1144.08,3596854.7,,false,solver_status:feasible
CV_h5s6n25.txt,LCT2-CPSAT,6,5,18,18,1200.0,1,5.6,18,100.0,10,1194.31,915309.5,,true,solver_status:optimal
CV_h5s6n26.txt,LCT2-CPSAT,6,5,18,18,1200.0,0,0.0,5,27.8,10,1163.42,3596856.3,,false,solver_status:feasible
CV_h5s6n27.txt,LCT2-CPSAT,6,5,18,18,1200.0,1,5.6,6,33.3,9,1130.19,3597347.3,,false,solver_status:feasible
CV_h5s6n28.txt,LCT2-CPSAT,6,5,18,18,1200.0,2,11.1,13,72.2,8,998.73,3596878.3,,false,solver_status:feasible
CV_h5s6n29.txt,LCT2-CPSAT,6,5,18,18,1200.0,0,0.0,7,38.9,11,1194.55,3596901.1,,false,solver_status:feasible
CV_h5s6n3.txt,LCT2-CPSAT,6,5,18,18,1200.0,0,0.0,6,33.3,10,1161.75,3596855.6,,false,solver_status:feasible
CV_h5s6n30.txt,LCT2-CPSAT,6,5,18,18,1200.0,4,22.2,9,50.0,10,1199.83,3596866.3,,false,solver_status:feasible
CV_h5s6n31.txt,LCT2-CPSAT,6,5,18,18,1200.0,0,0.0,8,44.4,10,1182.04,3597521.8,,false,solver_status:feasible
CV_h5s6n32.txt,LCT2-CPSAT,6,5,18,18,1200.0,0,0.0,15,83.3,10,1134.30,3596817.6,,false,solver_status:feasible
CV_h5s6n33.txt,LCT2-CPSAT,6,5,18,18,1200.0,1,5.6,9,50.0,10,1169.28,3596879.6,,false,solver_status:feasible
CV_h5s6n34.txt,LCT2-CPSAT,6,5,18,18,1200.0,0,0.0,12,66.7,10,1128.86,3596845.8,,false,solver_status:feasible
CV_h5s6n35.txt,LCT2-CPSAT,6,5,18,18,1200.0,1,5.6,18,100.0,9,1125.89,3438083.0,,true,solver_status:optimal
CV_h5s6n36.txt,LCT2-CPSAT,6,5,18,18,1200.0,2,11.1,9,50.0,10,1161.73,3597023.2,,false,solver_status:feasible
CV_h5s6n37.txt,LCT2-CPSAT,6,5,18,18,1200.0,0,0.0,5,27.8,11,1195.28,3596978.2,,false,solver_status:feasible
CV_h5s6n38.txt,LCT2-CPSAT,6,5,18,18,1200.0,0,0.0,10,55.6,10,1198.60,3596783.5,,false,solver_status:feasible
CV_h5s6n39.txt,LCT2-CPSAT,6,5,18,18,1200.0,0,0.0,5,27.8,9,1052.98,3596865.0,,false,solver_status:feasible
CV_h5s6n4.txt,LCT2-CPSAT,6,5,18,18,1200.0,0,0.0,8,44.4,10,1190.46,3596849.4,,false,solver_status:feasible
CV_h5s6n40.txt,LCT2-CPSAT,6,5,18,18,1200.0,1,5.6,9,50.0,10,1167.28,3596977.7,,false,solver_status:feasible
CV_h5s6n5.txt,LCT2-CPSAT,6,5,18,18,1200.0,0,0.0,18,100.0,10,1197.83,564547.2,,true,solver_status:optimal
CV_h5s6n6.txt,LCT2-CPSAT,6,5,18,18,1200.0,0,0.0,7,38.9,10,1138.08,3596952.8,,false,solver_status:feasible
CV_h5s6n7.txt,LCT2-CPSAT,6,5,18,18,1200.0,0,0.0,8,44.4,10,1159.92,3597433.9,,false,solver_status:feasible
CV_h5s6n8.txt,LCT2-CPSAT,6,5,18,18,1200.0,1,5.6,5,27.8,10,1141.35,3598505.3,,false,solver_status:feasible
CV_h5s6n9.txt,LCT2-CPSAT,6,5,18,18,1200.0,0,0.0,8,44.4,9,1068.91,3597585.7,,false,solver_status:feasible
CV_h5s7n1.txt,LCT2-CPSAT,7,5,21,21,1200.0,0,0.0,12,57.1,11,1151.33,3597783.6,,false,solver_status:feasible
CV_h5s7n10.txt,LCT2-CPSAT,7,5,21,21,1200.0,0,0.0,12,57.1,10,1175.48,3597911.4,,false,solver_status:feasible
CV_h5s7n11.txt,LCT2-CPSAT,7,5,21,21,1200.0,0,0.0,9,42.9,10,1196.66,3597421.9,,false,solver_status:feasible
CV_h5s7n12.txt,LCT2-CPSAT,7,5,21,21,1200.0,1,4.8,11,52.4,10,1187.23,3598549.8,,false,solver_status:feasible
CV_h5s7n13.txt,LCT2-CPSAT,7,5,21,21,1200.0,0,0.0,9,42.9,10,1142.93,3597626.2,,false,solver_status:feasible
CV_h5s7n14.txt,LCT2-CPSAT,7,5,21,21,1200.0,0,0.0,16,76.2,10,1197.75,3597897.7,,false,solver_status:feasible
CV_h5s7n15.txt,LCT2-CPSAT,7,5,21,21,1200.0,0,0.0,14,66.7,10,1173.00,3597701.7,,false,solver_status:feasible
CV_h5s7n16.txt,LCT2-CPSAT,7,5,21,21,1200.0,3,14.3,7,33.3,10,1160.24,3597987.7,,false,solver_status:feasible
CV_h5s7n17.txt,LCT2-CPSAT,7,5,21,21,1200.0,1,4.8,11,52.4,10,1197.66,3597900.4,,false,solver_status:feasible
CV_h5s7n18.txt,LCT2-CPSAT,7,5,21,21,1200.0,5,23.8,9,42.9,10,1167.80,3597030.0,,false,solver_status:feasible
CV_h5s7n19.txt,LCT2-CPSAT,7,5,21,21,1200.0,0,0.0,7,33.3,10,1171.82,3597683.2,,false,solver_status:feasible
CV_h5s7n2.txt,LCT2-CPSAT,7,5,21,21,1200.0,0,0.0,8,38.1,10,1180.67,3597197.8,,false,solver_status:feasible
CV_h5s7n20.txt,LCT2-CPSAT,7,5,21,21,1200.0,0,0.0,15,71.4,10,1190.92,3598287.3,,false,solver_status:feasible
CV_h5s7n21.txt,LCT2-CPSAT,7,5,21,21,1200.0,0,0.0,12,57.1,10,1181.21,3598205.3,,false,solver_status:feasible
CV_h5s7n22.txt,LCT2-CPSAT,7,5,21,21,1200.0,0,0.0,6,28.6,10,1194.24,3598100.9,,false,solver_status:feasible
CV_h5s7n23.txt,LCT2-CPSAT,7,5,21,21,1200.0,0,0.0,10,47.6,10,1186.55,3597450.4,,false,solver_status:feasible
CV_h5s7n24.txt,LCT2-CPSAT,7,5,21,21,1200.0,1,4.8,8,38.1,11,1186.15,3597720.9,,false,solver_status:feasible
CV_h5s7n25.txt,LCT2-CPSAT,7,5,21,21,1200.0,1,4.8,10,47.6,9,1119.56,3598124.2,,false,solver_status:feasible
CV_h5s7n26.txt,LCT2-CPSAT,7,5,21,21,1200.0,0,0.0,8,38.1,10,1170.07,3598143.4,,false,solver_status:feasible
CV_h5s7n27.txt,LCT2-CPSAT,7,5,21,21,1200.0,0,0.0,7,33.3,9,1140.72,3597133.2,,false,solver_status:feasible
CV_h5s7n28.txt,LCT2-CPSAT,7,5,21,21,1200.0,2,9.5,10,47.6,11,1199.73,3597076.8,,false,solver_status:feasible
CV_h5s7n29.txt,LCT2-CPSAT,7,5,21,21,1200.0,1,4.8,6,28.6,9,1151.85,3596986.5,,false,solver_status:feasible
CV_h5s7n3.txt,LCT2-CPSAT,7,5,21,21,1200.0,3,14.3,9,42.9,10,1198.91,3597061.5,,false,solver_status:feasible
CV_h5s7n30.txt,LCT2-CPSAT,7,5,21,21,1200.0,2,9.5,7,33.3,10,1186.46,3597638.4,,false,solver_status:feasible
CV_h5s7n31.txt,LCT2-CPSAT,7,5,21,21,1200.0,0,0.0,9,42.9,10,1199.85,3597153.2,,false,solver_status:feasible
CV_h5s7n32.txt,LCT2-CPSAT,7,5,21,21,1200.0,1,4.8,6,28.6,11,1178.28,3597206.5,,false,solver_status:feasible
CV_h5s7n33.txt,LCT2-CPSAT,7,5,21,21,1200.0,0,0.0,5,23.8,10,1197.80,3597273.8,,false,solver_status:feasible
CV_h5s7n34.txt,LCT2-CPSAT,7,5,21,21,1200.0,0,0.0,12,57.1,10,1182.64,3596955.9,,false,solver_status:feasible
CV_h5s7n35.txt,LCT2-CPSAT,7,5,21,21,1200.0,0,0.0,8,38.1,10,1188.94,3599069.8,,false,solver_status:feasible
CV_h5s7n36.txt,LCT2-CPSAT,7,5,21,21,1200.0,0,0.0,7,33.3,10,1188.70,3597390.0,,false,solver_status:feasible
CV_h5s7n37.txt,LCT2-CPSAT,7,5,21,21,1200.0,0,0.0,15,71.4,10,1179.07,3597043.5,,false,solver_status:feasible
CV_h5s7n38.txt,LCT2-CPSAT,7,5,21,21,1200.0,1,4.8,4,19.0,10,1106.48,3597808.6,,false,solver_status:feasible
CV_h5s7n39.txt,LCT2-CPSAT,7,5,21,21,1200.0,0,0.0,13,61.9,10,1177.80,3597239.1,,false,solver_status:feasible
CV_h5s7n4.txt,LCT2-CPSAT,7,5,21,21,1200.0,0,0.0,11,52.4,9,1107.49,3597078.0,,false,solver_status:feasible
CV_h5s7n40.txt,LCT2-CPSAT,7,5,21,21,1200.0,0,0.0,9,42.9,10,1190.19,3597113.4,,false,solver_status:feasible
CV_h5s7n5.txt,LCT2-CPSAT,7,5,21,21,1200.0,0,0.0,5,23.8,10,1157.93,3597163.9,,false,solver_status:feasible
CV_h5s7n6.txt,LCT2-CPSAT,7,5,21,21,1200.0,1,4.8,12,57.1,10,1199.87,3597695.6,,false,solver_status:feasible
CV_h5s7n7.txt,LCT2-CPSAT,7,5,21,21,1200.0,0,0.0,7,33.3,10,1189.81,3597834.7,,false,solver_status:feasible
CV_h5s7n8.txt,LCT2-CPSAT,7,5,21,21,1200.0,0,0.0,10,47.6,10,1187.54,3597804.9,,false,solver_status:feasible
CV_h5s7n9.txt,LCT2-CPSAT,7,5,21,21,1200.0,0,0.0,7,33.3,10,1194.27,3597586.7,,false,solver_status:feasible
CV_h5s8n1.txt,LCT2-CPSAT,8,5,24,24,1200.0,0,0.0,14,58.3,10,1173.58,3597256.4,,false,solver_status:feasible
CV_h5s8n10.txt,LCT2-CPSAT,8,5,24,24,1200.0,0,0.0,7,29.2,10,1153.09,3597403.7,,false,solver_status:feasible
CV_h5s8n11.txt,LCT2-CPSAT,8,5,24,24,1200.0,1,4.2,13,54.2,11,1198.81,3597254.9,,false,solver_status:feasible
CV_h5s8n12.txt,LCT2-CPSAT,8,5,24,24,1200.0,0,0.0,8,33.3,10,1199.94,3597836.0,,false,solver_status:feasible
CV_h5s8n13.txt,LCT2-CPSAT,8,5,24,24,1200.0,0,0.0,10,41.7,10,1186.29,3598034.9,,false,solver_status:feasible
CV_h5s8n14.txt,LCT2-CPSAT,8,5,24,24,1200.0,0,0.0,6,25.0,10,1173.31,3597168.9,,false,solver_status:feasible
CV_h5s8n15.txt,LCT2-CPSAT,8,5,24,24,1200.0,0,0.0,17,70.8,10,1173.40,3597266.8,,false,solver_status:feasible
CV_h5s8n16.txt,LCT2-CPSAT,8,5,24,24,1200.0,1,4.2,13,54.2,10,1145.45,3597226.0,,false,solver_status:feasible
CV_h5s8n17.txt,LCT2-CPSAT,8,5,24,24,1200.0,1,4.2,14,58.3,10,1180.05,3597338.8,,false,solver_status:feasible
CV_h5s8n18.txt,LCT2-CPSAT,8,5,24,24,1200.0,0,0.0,13,54.2,10,1170.84,3598056.5,,false,solver_status:feasible
CV_h5s8n19.txt,LCT2-CPSAT,8,5,24,24,1200.0,0,0.0,11,45.8,11,1190.69,3598900.2,,false,solver_status:feasible
CV_h5s8n2.txt,LCT2-CPSAT,8,5,24,24,1200.0,0,0.0,9,37.5,10,1194.34,3597612.4,,false,solver_status:feasible
CV_h5s8n20.txt,LCT2-CPSAT,8,5,24,24,1200.0,0,0.0,8,33.3,9,1107.94,3597186.3,,false,solver_status:feasible
CV_h5s8n21.txt,LCT2-CPSAT,8,5,24,24,1200.0,0,0.0,11,45.8,10,1173.84,3597198.2,,false,solver_status:feasible
CV_h5s8n22.txt,LCT2-CPSAT,8,5,24,24,1200.0,0,0.0,6,25.0,10,1174.09,3597178.2,,false,solver_status:feasible
CV_h5s8n23.txt,LCT2-CPSAT,8,5,24,24,1200.0,0,0.0,9,37.5,10,1183.81,3597219.8,,false,solver_status:feasible
CV_h5s8n24.txt,LCT2-CPSAT,8,5,24,24,1200.0,0,0.0,16,66.7,10,1144.38,3597631.7,,false,solver_status:feasible
CV_h5s8n25.txt,LCT2-CPSAT,8,5,24,24,1200.0,1,4.2,11,45.8,10,1194.79,3597658.4,,false,solver_status:feasible
CV_h5s8n26.txt,LCT2-CPSAT,8,5,24,24,1200.0,0,0.0,4,16.7,10,1198.99,3597589.9,,false,solver_status:feasible
CV_h5s8n27.txt,LCT2-CPSAT,8,5,24,24,1200.0,0,0.0,24,100.0,10,1189.74,1059032.0,,true,solver_status:optimal
CV_h5s8n28.txt,LCT2-CPSAT,8,5,24,24,1200.0,0,0.0,10,41.7,10,1186.18,3597318.8,,false,solver_status:feasible
CV_h5s8n29.txt,LCT2-CPSAT,8,5,24,24,1200.0,0,0.0,7,29.2,10,1187.32,3597246.1,,false,solver_status:feasible
CV_h5s8n3.txt,LCT2-CPSAT,8,5,24,24,1200.0,0,0.0,10,41.7,10,1168.29,3597242.0,,false,solver_status:feasible
CV_h5s8n30.txt,LCT2-CPSAT,8,5,24,24,1200.0,0,0.0,11,45.8,10,1193.61,3597372.9,,false,solver_status:feasible
CV_h5s8n31.txt,LCT2-CPSAT,8,5,24,24,1200.0,0,0.0,5,20.8,10,1199.30,3597174.3,,false,solver_status:feasible
CV_h5s8n32.txt,LCT2-CPSAT,8,5,24,24,1200.0,0,0.0,14,58.3,10,1197.26,3598708.5,,false,solver_status:feasible
CV_h5s8n33.txt,LCT2-CPSAT,8,5,24,24,1200.0,0,0.0,6,25.0,10,1196.84,3597499.9,,false,solver_status:feasible
CV_h5s8n34.txt,LCT2-CPSAT,8,5,24,24,1200.0,0,0.0,5,20.8,9,1088.86,3597271.9,,false,solver_status:feasible
CV_h5s8n35.txt,LCT2-CPSAT,8,5,24,24,1200.0,0,0.0,7,29.2,10,1153.45,3597784.0,,false,solver_status:feasible
CV_h5s8n36.txt,LCT2-CPSAT,8,5,24,24,1200.0,0,0.0,6,25.0,10,1199.68,3597582.4,,false,solver_status:feasible
CV_h5s8n37.txt,LCT2-CPSAT,8,5,24,24,1200.0,0,0.0,13,54.2,10,1175.89,3597705.5,,false,solver_status:feasible
CV_h5s8n38.txt,LCT2-CPSAT,8,5,24,24,1200.0,0,0.0,7,29.2,10,1194.06,3597696.7,,false,solver_status:feasible
CV_h5s8n39.txt,LCT2-CPSAT,8,5,24,24,1200.0,0,0.0,16,66.7,10,1194.12,3597541.6,,false,solver_status:feasible
CV_h5s8n4.txt,LCT2-CPSAT,8,5,24,24,1200.0,1,4.2,8,33.3,11,1197.36,3597682.2,,false,solver_status:feasible
CV_h5s8n40.txt,LCT2-CPSAT,8,5,24,24,1200.0,1,4.2,8,33.3,10,1104.49,3597630.2,,false,solver_status:feasible
CV_h5s8n5.txt,LCT2-CPSAT,8,5,24,24,1200.0,0,0.0,8,33.3,9,1122.42,3597296.4,,false,solver_status:feasible
CV_h5s8n6.txt,LCT2-CPSAT,8,5,24,24,1200.0,0,0.0,9,37.5,10,1192.23,3597210.1,,false,solver_status:feasible
CV_h5s8n7.txt,LCT2-CPSAT,8,5,24,24,1200.0,0,0.0,6,25.0,11,1191.83,3598053.1,,false,solver_status:feasible
CV_h5s8n8.txt,LCT2-CPSAT,8,5,24,24,1200.0,2,8.3,8,33.3,11,1191.58,3598031.5,,false,solver_status:feasible
CV_h5s8n9.txt,LCT2-CPSAT,8,5,24,24,1200.0,0,0.0,7,29.2,10,1136.83,3597371.1,,false,solver_status:feasible
CV_h6s4n1.txt,LCT2-CPSAT,4,6,16,16,1200.0,0,0.0,4,25.0,11,1198.23,3597362.0,,false,solver_status:feasible
CV_h6s4n10.txt,LCT2-CPSAT,4,6,16,16,1200.0,0,0.0,8,50.0,10,1190.60,3596900.9,,false,solver_status:feasible
CV_h6s4n11.txt,LCT2-CPSAT,4,6,16,16,1200.0,0,0.0,4,25.0,9,1197.02,3596659.2,,false,solver_status:feasible
CV_h6s4n12.txt,LCT2-CPSAT,4,6,16,16,1200.0,3,18.8,5,31.2,10,1130.63,3596826.6,,false,solver_status:feasible
CV_h6s4n13.txt,LCT2-CPSAT,4,6,16,16,1200.0,0,0.0,6,37.5,9,1057.71,3596848.9,,false,solver_status:feasible
CV_h6s4n14.txt,LCT2-CPSAT,4,6,16,16,1200.0,0,0.0,3,18.8,10,1135.33,3596776.3,,false,solver_status:feasible
CV_h6s4n15.txt,LCT2-CPSAT,4,6,16,16,1200.0,1,6.2,10,62.5,10,1150.76,3596801.9,,false,solver_status:feasible
CV_h6s4n16.txt,LCT2-CPSAT,4,6,16,16,1200.0,0,0.0,4,25.0,10,1193.11,3597408.3,,false,solver_status:feasible
CV_h6s4n17.txt,LCT2-CPSAT,4,6,16,16,1200.0,0,0.0,4,25.0,9,1125.81,3596676.3,,false,solver_status:feasible
CV_h6s4n18.txt,LCT2-CPSAT,4,6,16,16,1200.0,0,0.0,4,25.0,9,1126.42,352211.8,,true,solver_status:optimal
CV_h6s4n19.txt,LCT2-CPSAT,4,6,16,16,1200.0,0,0.0,7,43.8,10,1184.13,3596653.0,,false,solver_status:feasible
CV_h6s4n2.txt,LCT2-CPSAT,4,6,16,16,1200.0,0,0.0,9,56.2,10,1187.27,3596924.0,,false,solver_status:feasible
CV_h6s4n20.txt,LCT2-CPSAT,4,6,16,16,1200.0,0,0.0,7,43.8,10,1190.36,1742460.9,,true,solver_status:optimal
CV_h6s4n21.txt,LCT2-CPSAT,4,6,16,16,1200.0,0,0.0,4,25.0,9,1136.11,3596807.1,,false,solver_status:feasible
CV_h6s4n22.txt,LCT2-CPSAT,4,6,16,16,1200.0,0,0.0,5,31.2,10,1137.83,3596946.3,,false,solver_status:feasible
CV_h6s4n23.txt,LCT2-CPSAT,4,6,16,16,1200.0,0,0.0,7,43.8,9,1161.88,3597691.2,,false,solver_status:feasible
CV_h6s4n24.txt,LCT2-CPSAT,4,6,16,16,1200.0,0,0.0,6,37.5,10,1172.85,3596658.2,,false,solver_status:feasible
CV_h6s4n25.txt,LCT2-CPSAT,4,6,16,16,1200.0,1,6.2,6,37.5,10,1184.61,2100530.0,,true,solver_status:optimal
CV_h6s4n26.txt,LCT2-CPSAT,4,6,16,16,1200.0,0,0.0,5,31.2,11,1183.74,3596781.2,,false,solver_status:feasible
CV_h6s4n27.txt,LCT2-CPSAT,4,6,16,16,1200.0,0,0.0,5,31.2,9,1101.10,3241158.7,,true,solver_status:optimal
CV_h6s4n28.txt,LCT2-CPSAT,4,6,16,16,1200.0,0,0.0,4,25.0,10,1160.87,3596743.1,,false,solver_status:feasible
CV_h6s4n29.txt,LCT2-CPSAT,4,6,16,16,1200.0,0,0.0,6,37.5,10,1179.39,3596655.8,,false,solver_status:feasible
CV_h6s4n3.txt,LCT2-CPSAT,4,6,16,16,1200.0,2,12.5,5,31.2,10,1195.79,3596821.3,,false,solver_status:feasible
CV_h6s4n30.txt,LCT2-CPSAT,4,6,16,16,1200.0,0,0.0,8,50.0,10,1136.97,3596646.2,,false,solver_status:feasible
CV_h6s4n31.txt,LCT2-CPSAT,4,6,16,16,1200.0,1,6.2,6,37.5,10,1197.23,3596636.1,,false,solver_status:feasible
CV_h6s4n32.txt,LCT2-CPSAT,4,6,16,16,1200.0,2,12.5,4,25.0,10,1199.86,3597486.8,,false,solver_status:feasible
CV_h6s4n33.txt,LCT2-CPSAT,4,6,16,16,1200.0,0,0.0,5,31.2,10,1131.58,3598214.3,,false,solver_status:feasible
CV_h6s4n34.txt,LCT2-CPSAT,4,6,16,16,1200.0,1,6.2,6,37.5,9,1128.24,3597633.7,,false,solver_status:feasible
CV_h6s4n35.txt,LCT2-CPSAT,4,6,16,16,1200.0,0,0.0,4,25.0,10,1190.63,595056.9,,true,solver_status:optimal
CV_h6s4n36.txt,LCT2-CPSAT,4,6,16,16,1200.0,0,0.0,5,31.2,10,1171.40,672498.2,,true,solver_status:optimal
CV_h6s4n37.txt,LCT2-CPSAT,4,6,16,16,1200.0,1,6.2,10,62.5,10,1137.81,1181881.8,,true,solver_status:optimal
CV_h6s4n38.txt,LCT2-CPSAT,4,6,16,16,1200.0,0,0.0,3,18.8,8,978.51,3597341.4,,false,solver_status:feasible
CV_h6s4n39.txt,LCT2-CPSAT,4,6,16,16,1200.0,1,6.2,3,18.8,10,1190.72,3596767.4,,false,solver_status:feasible
CV_h6s4n4.txt,LCT2-CPSAT,4,6,16,16,1200.0,1,6.2,11,68.8,10,1175.54,3596781.7,,false,solver_status:feasible
CV_h6s4n40.txt,LCT2-CPSAT,4,6,16,16,1200.0,0,0.0,3,18.8,9,1141.23,3597216.4,,false,solver_status:feasible
CV_h6s4n5.txt,LCT2-CPSAT,4,6,16,16,1200.0,0,0.0,9,56.2,10,1175.50,3596634.8,,false,solver_status:feasible
CV_h6s4n6.txt,LCT2-CPSAT,4,6,16,16,1200.0,1,6.2,16,100.0,10,1173.42,1501667.5,,true,solver_status:optimal
CV_h6s4n7.txt,LCT2-CPSAT,4,6,16,16,1200.0,0,0.0,5,31.2,10,1184.77,3596806.4,,false,solver_status:feasible
CV_h6s4n8.txt,LCT2-CPSAT,4,6,16,16,1200.0,1,6.2,4,25.0,9,1194.81,3596632.2,,false,solver_status:feasible
CV_h6s4n9.txt,LCT2-CPSAT,4,6,16,16,1200.0,0,0.0,16,100.0,10,1170.52,17006.6,,true,solver_status:optimal
CV_h6s5n1.txt,LCT2-CPSAT,5,6,20,20,1200.0,0,0.0,5,25.0,9,1151.58,3596855.2,,false,solver_status:feasible
CV_h6s5n10.txt,LCT2-CPSAT,5,6,20,20,1200.0,0,0.0,6,30.0,10,1196.35,3596796.2,,false,solver_status:feasible
CV_h6s5n11.txt,LCT2-CPSAT,5,6,20,20,1200.0,1,5.0,10,50.0,10,1190.53,3598068.1,,false,solver_status:feasible
CV_h6s5n12.txt,LCT2-CPSAT,5,6,20,20,1200.0,0,0.0,6,30.0,9,1174.47,3597330.7,,false,solver_status:feasible
CV_h6s5n13.txt,LCT2-CPSAT,5,6,20,20,1200.0,1,5.0,9,45.0,8,1000.50,3597331.0,,false,solver_status:feasible
CV_h6s5n14.txt,LCT2-CPSAT,5,6,20,20,1200.0,0,0.0,8,40.0,10,1182.12,3596821.0,,false,solver_status:feasible
CV_h6s5n15.txt,LCT2-CPSAT,5,6,20,20,1200.0,0,0.0,5,25.0,9,1088.31,3596872.7,,false,solver_status:feasible
CV_h6s5n16.txt,LCT2-CPSAT,5,6,20,20,1200.0,0,0.0,4,20.0,9,1104.32,3596862.6,,false,solver_status:feasible
CV_h6s5n17.txt,LCT2-CPSAT,5,6,20,20,1200.0,1,5.0,4,20.0,11,1196.33,3596848.4,,false,solver_status:feasible
CV_h6s5n18.txt,LCT2-CPSAT,5,6,20,20,1200.0,0,0.0,5,25.0,10,1194.35,3596899.2,,false,solver_status:feasible
CV_h6s5n19.txt,LCT2-CPSAT,5,6,20,20,1200.0,0,0.0,5,25.0,10,1130.74,3596861.5,,false,solver_status:feasible
CV_h6s5n2.txt,LCT2-CPSAT,5,6,20,20,1200.0,0,0.0,8,40.0,9,1117.36,3597701.1,,false,solver_status:feasible
CV_h6s5n20.txt,LCT2-CPSAT,5,6,20,20,1200.0,0,0.0,9,45.0,10,1170.82,3596903.2,,false,solver_status:feasible
CV_h6s5n21.txt,LCT2-CPSAT,5,6,20,20,1200.0,0,0.0,4,20.0,9,1046.31,3597580.4,,false,solver_status:feasible
CV_h6s5n22.txt,LCT2-CPSAT,5,6,20,20,1200.0,0,0.0,5,25.0,9,1172.68,3596874.2,,false,solver_status:feasible
CV_h6s5n23.txt,LCT2-CPSAT,5,6,20,20,1200.0,0,0.0,6,30.0,10,1131.39,3597018.2,,false,solver_status:feasible
CV_h6s5n24.txt,LCT2-CPSAT,5,6,20,20,1200.0,1,5.0,3,15.0,9,1128.54,3596844.4,,false,solver_status:feasible
CV_h6s5n25.txt,LCT2-CPSAT,5,6,20,20,1200.0,0,0.0,11,55.0,10,1179.54,3596920.7,,false,solver_status:feasible
CV_h6s5n26.txt,LCT2-CPSAT,5,6,20,20,1200.0,0,0.0,4,20.0,10,1199.20,3596864.8,,false,solver_status:feasible
CV_h6s5n27.txt,LCT2-CPSAT,5,6,20,20,1200.0,0,0.0,8,40.0,11,1160.71,3597839.7,,false,solver_status:feasible
CV_h6s5n28.txt,LCT2-CPSAT,5,6,20,20,1200.0,0,0.0,7,35.0,8,961.74,3596877.6,,false,solver_status:feasible
CV_h6s5n29.txt,LCT2-CPSAT,5,6,20,20,1200.0,0,0.0,4,20.0,8,952.13,3596878.4,,false,solver_status:feasible
CV_h6s5n3.txt,LCT2-CPSAT,5,6,20,20,1200.0,1,5.0,5,25.0,10,1130.16,3598167.1,,false,solver_status:feasible
CV_h6s5n30.txt,LCT2-CPSAT,5,6,20,20,1200.0,0,0.0,3,15.0,10,1192.01,3597459.0,,false,solver_status:feasible
CV_h6s5n32.txt,LCT2-CPSAT,5,6,20,20,1200.0,3,15.0,8,40.0,11,1183.69,3596852.0,,false,solver_status:feasible
CV_h6s5n33.txt,LCT2-CPSAT,5,6,20,20,1200.0,1,5.0,5,25.0,10,1127.51,3596964.9,,false,solver_status:feasible
CV_h6s5n34.txt,LCT2-CPSAT,5,6,20,20,1200.0,0,0.0,4,20.0,10,1180.43,3597040.7,,false,solver_status:feasible
CV_h6s5n35.txt,LCT2-CPSAT,5,6,20,20,1200.0,0,0.0,6,30.0,9,1136.03,3597095.9,,false,solver_status:feasible
CV_h6s5n36.txt,LCT2-CPSAT,5,6,20,20,1200.0,0,0.0,6,30.0,10,1192.33,3598684.9,,false,solver_status:feasible
CV_h6s5n37.txt,LCT2-CPSAT,5,6,20,20,1200.0,0,0.0,2,10.0,10,1187.77,3597169.9,,false,solver_status:feasible
CV_h6s5n38.txt,LCT2-CPSAT,5,6,20,20,1200.0,1,5.0,6,30.0,9,1143.10,3597138.4,,false,solver_status:feasible
CV_h6s5n39.txt,LCT2-CPSAT,5,6,20,20,1200.0,0,0.0,7,35.0,9,1165.42,3596969.5,,false,solver_status:feasible
CV_h6s5n4.txt,LCT2-CPSAT,5,6,20,20,1200.0,0,0.0,9,45.0,10,1167.88,3597009.6,,false,solver_status:feasible
CV_h6s5n40.txt,LCT2-CPSAT,5,6,20,20,1200.0,1,5.0,7,35.0,10,1186.88,3597217.2,,false,solver_status:feasible
CV_h6s5n5.txt,LCT2-CPSAT,5,6,20,20,1200.0,0,0.0,4,20.0,10,1172.88,3596956.7,,false,solver_status:feasible
CV_h6s5n6.txt,LCT2-CPSAT,5,6,20,20,1200.0,0,0.0,4,20.0,10,1169.73,3596976.1,,false,solver_status:feasible
CV_h6s5n7.txt,LCT2-CPSAT,5,6,20,20,1200.0,0,0.0,8,40.0,9,1123.87,3597148.1,,false,solver_status:feasible
CV_h6s5n8.txt,LCT2-CPSAT,5,6,20,20,1200.0,0,0.0,5,25.0,10,1142.11,3598739.0,,false,solver_status:feasible
CV_h6s5n9.txt,LCT2-CPSAT,5,6,20,20,1200.0,1,5.0,6,30.0,9,1038.60,3597519.4,,false,solver_status:feasible
